model,seed,label,name,precision,recall,f1,samples
RF-Current,123,0,正常,0.9800459120607452,0.8348375451263538,0.9016326862155796,6648
RF-Current,123,1,交流短路,0.6360505166475315,0.947008547008547,0.7609890109890108,585
RF-Current,123,2,弱电网,1.0,1.0,1.0,64
RF-Current,123,3,相断开,1.0,1.0,1.0,498
RF-Current,123,4,电网电气异常,0.6845564074479737,0.9541984732824428,0.7971938775510204,655
RF-Current,123,5,谐波,0.9606299212598425,1.0,0.9799196787148594,366
RF-Current,123,6,直流侧故障,0.42312579415501905,0.888,0.5731497418244406,375
RF-Current,123,7,IGBT闭锁,0.7933884297520661,0.897196261682243,0.8421052631578947,107
RF-Current,2026,0,正常,0.9784566484195656,0.8334837545126353,0.9001705791568516,6648
RF-Current,2026,1,交流短路,0.631578947368421,0.9435897435897436,0.7566826593557231,585
RF-Current,2026,2,弱电网,1.0,1.0,1.0,64
RF-Current,2026,3,相断开,1.0,1.0,1.0,498
RF-Current,2026,4,电网电气异常,0.6761487964989059,0.9435114503816794,0.7877629063097513,655
RF-Current,2026,5,谐波,0.9606299212598425,1.0,0.9799196787148594,366
RF-Current,2026,6,直流侧故障,0.42385786802030456,0.8906666666666667,0.5743766122098023,375
RF-Current,2026,7,IGBT闭锁,0.8189655172413793,0.8878504672897196,0.8520179372197308,107
RF-Current,42,0,正常,0.9776093088857546,0.8340854392298436,0.9001623376623378,6648
RF-Current,42,1,交流短路,0.6364678899082569,0.9487179487179487,0.7618393960192177,585
RF-Current,42,2,弱电网,1.0,1.0,1.0,64
RF-Current,42,3,相断开,1.0,1.0,1.0,498
RF-Current,42,4,电网电气异常,0.6849615806805708,0.9526717557251908,0.7969348659003831,655
RF-Current,42,5,谐波,0.9606299212598425,1.0,0.9799196787148594,366
RF-Current,42,6,直流侧故障,0.41025641025641024,0.8533333333333334,0.5541125541125541,375
RF-Current,42,7,IGBT闭锁,0.7916666666666666,0.8878504672897196,0.8370044052863437,107
RF-All,123,0,正常,0.9863590434489727,0.8810168471720818,0.930716669315112,6648
RF-All,123,1,交流短路,1.0,1.0,1.0,585
RF-All,123,2,弱电网,1.0,1.0,1.0,64
RF-All,123,3,相断开,1.0,1.0,1.0,498
RF-All,123,4,电网电气异常,0.6827661909989023,0.9496183206106871,0.7943805874840358,655
RF-All,123,5,谐波,0.9606299212598425,1.0,0.9799196787148594,366
RF-All,123,6,直流侧故障,0.42534504391468003,0.904,0.5784982935153583,375
RF-All,123,7,IGBT闭锁,0.7661290322580645,0.8878504672897196,0.8225108225108225,107
RF-All,2026,0,正常,0.9875105485232067,0.8801143200962696,0.9307245685198441,6648
RF-All,2026,1,交流短路,1.0,1.0,1.0,585
RF-All,2026,2,弱电网,1.0,1.0,1.0,64
RF-All,2026,3,相断开,1.0,1.0,1.0,498
RF-All,2026,4,电网电气异常,0.6800433839479393,0.9572519083969465,0.7951807228915663,655
RF-All,2026,5,谐波,0.9606299212598425,1.0,0.9799196787148594,366
RF-All,2026,6,直流侧故障,0.42412935323383083,0.9093333333333333,0.5784563189143341,375
RF-All,2026,7,IGBT闭锁,0.7983193277310925,0.8878504672897196,0.8407079646017699,107
RF-All,42,0,正常,0.987537891545975,0.8820697954271961,0.9318290163673923,6648
RF-All,42,1,交流短路,1.0,1.0,1.0,585
RF-All,42,2,弱电网,1.0,1.0,1.0,64
RF-All,42,3,相断开,1.0,1.0,1.0,498
RF-All,42,4,电网电气异常,0.6939461883408071,0.9450381679389313,0.8002585649644474,655
RF-All,42,5,谐波,0.9606299212598425,1.0,0.9799196787148594,366
RF-All,42,6,直流侧故障,0.4254278728606357,0.928,0.5834031852472759,375
RF-All,42,7,IGBT闭锁,0.7868852459016393,0.897196261682243,0.8384279475982532,107
CNN-Mean,123,0,正常,0.9956872304519032,0.7987364620938628,0.8864034721642601,6648
CNN-Mean,123,1,交流短路,1.0,1.0,1.0,585
CNN-Mean,123,2,弱电网,1.0,1.0,1.0,64
CNN-Mean,123,3,相断开,1.0,1.0,1.0,498
CNN-Mean,123,4,电网电气异常,0.5474576271186441,0.9862595419847329,0.7040871934604905,655
CNN-Mean,123,5,谐波,0.9631578947368421,1.0,0.9812332439678284,366
CNN-Mean,123,6,直流侧故障,0.3207222699914015,0.9946666666666667,0.48504551365409615,375
CNN-Mean,123,7,IGBT闭锁,1.0,0.8878504672897196,0.9405940594059405,107
CNN-Mean,2026,0,正常,0.9595040025113797,0.9195246690734056,0.9390890237345418,6648
CNN-Mean,2026,1,交流短路,1.0,1.0,1.0,585
CNN-Mean,2026,2,弱电网,1.0,1.0,1.0,64
CNN-Mean,2026,3,相断开,1.0,1.0,1.0,498
CNN-Mean,2026,4,电网电气异常,0.5485519591141397,0.983206106870229,0.704209950792783,655
CNN-Mean,2026,5,谐波,0.994535519125683,0.994535519125683,0.994535519125683,366
CNN-Mean,2026,6,直流侧故障,0.9793103448275862,0.37866666666666665,0.5461538461538461,375
CNN-Mean,2026,7,IGBT闭锁,1.0,0.8878504672897196,0.9405940594059405,107
CNN-Mean,42,0,正常,0.9925742574257426,0.8444645006016848,0.9125487646293889,6648
CNN-Mean,42,1,交流短路,0.9898477157360406,1.0,0.9948979591836734,585
CNN-Mean,42,2,弱电网,1.0,1.0,1.0,64
CNN-Mean,42,3,相断开,1.0,1.0,1.0,498
CNN-Mean,42,4,电网电气异常,0.6190476190476191,0.9725190839694656,0.7565320665083135,655
CNN-Mean,42,5,谐波,0.9629629629629629,0.994535519125683,0.978494623655914,366
CNN-Mean,42,6,直流侧故障,0.3637284701114488,0.9573333333333334,0.527165932452276,375
CNN-Mean,42,7,IGBT闭锁,1.0,0.8878504672897196,0.9405940594059405,107
