model,seed,macro_f1,accuracy,normal_to_dc,normal_to_grid,dc_to_normal,normal_recall,dc_precision,dc_recall,dc_f1
RF-Current,123,0.8568737823066007,0.8696493869649387,454,288,42,0.8348375451263538,0.42312579415501905,0.888,0.5731497418244406
RF-Current,2026,0.8563662966208399,0.8677134867713486,454,296,41,0.8334837545126353,0.42385786802030456,0.8906666666666667,0.5743766122098023
RF-Current,42,0.853746654711962,0.8676059367605937,460,287,55,0.8340854392298436,0.41025641025641024,0.8533333333333334,0.5541125541125541
RF-All,123,0.8882532564425235,0.9062163906216391,458,289,36,0.8810168471720818,0.42534504391468003,0.904,0.5784982935153583
RF-All,2026,0.8906236567052968,0.9063239406323941,463,295,34,0.8801143200962696,0.42412935323383083,0.9093333333333333,0.5784563189143341
RF-All,42,0.8917297991115285,0.9077220907722091,470,273,27,0.8820697954271961,0.4254278728606357,0.928,0.5834031852472759
CNN-Mean,123,0.874670435331577,0.8536244353624436,790,534,2,0.7987364620938628,0.3207222699914015,0.9946666666666667,0.48504551365409615
CNN-Mean,2026,0.8905727999015993,0.9147128414712842,3,530,233,0.9195246690734056,0.9793103448275862,0.37866666666666665,0.5461538461538461
CNN-Mean,42,0.8887791757294383,0.8836308883630888,628,392,16,0.8444645006016848,0.3637284701114488,0.9573333333333334,0.527165932452276
