variant,seed,normal_to_dc_count,normal_samples,normal_to_dc_rate,dc_to_normal_count,dc_samples
baseline,42,628,6648,0.09446450060168472,16,375
baseline,123,790,6648,0.11883273164861613,2,375
baseline,2026,3,6648,0.0004512635379061372,233,375
wide,42,0,6648,0.0,233,375
wide,123,725,6648,0.10905535499398315,7,375
wide,2026,665,6648,0.1000300842358604,12,375
multiscale,42,813,6648,0.12229241877256318,0,375
multiscale,123,1015,6648,0.1526774969915764,0,375
multiscale,2026,908,6648,0.1365824308062575,0,375
