variant,seed,label,name,precision,recall,f1,samples
baseline,42,0,正常,0.9925742574257426,0.8444645006016848,0.9125487646293889,6648
baseline,42,1,交流短路,0.9898477157360406,1.0,0.9948979591836734,585
baseline,42,2,弱电网,1.0,1.0,1.0,64
baseline,42,3,相断开,1.0,1.0,1.0,498
baseline,42,4,电网电气异常,0.6190476190476191,0.9725190839694656,0.7565320665083135,655
baseline,42,5,谐波,0.9629629629629629,0.994535519125683,0.978494623655914,366
baseline,42,6,直流侧故障,0.3637284701114488,0.9573333333333334,0.527165932452276,375
baseline,42,7,IGBT闭锁,1.0,0.8878504672897196,0.9405940594059405,107
baseline,123,0,正常,0.9956872304519032,0.7987364620938628,0.8864034721642601,6648
baseline,123,1,交流短路,1.0,1.0,1.0,585
baseline,123,2,弱电网,1.0,1.0,1.0,64
baseline,123,3,相断开,1.0,1.0,1.0,498
baseline,123,4,电网电气异常,0.5474576271186441,0.9862595419847329,0.7040871934604905,655
baseline,123,5,谐波,0.9631578947368421,1.0,0.9812332439678284,366
baseline,123,6,直流侧故障,0.3207222699914015,0.9946666666666667,0.48504551365409615,375
baseline,123,7,IGBT闭锁,1.0,0.8878504672897196,0.9405940594059405,107
baseline,2026,0,正常,0.9595040025113797,0.9195246690734056,0.9390890237345418,6648
baseline,2026,1,交流短路,1.0,1.0,1.0,585
baseline,2026,2,弱电网,1.0,1.0,1.0,64
baseline,2026,3,相断开,1.0,1.0,1.0,498
baseline,2026,4,电网电气异常,0.5485519591141397,0.983206106870229,0.704209950792783,655
baseline,2026,5,谐波,0.994535519125683,0.994535519125683,0.994535519125683,366
baseline,2026,6,直流侧故障,0.9793103448275862,0.37866666666666665,0.5461538461538461,375
baseline,2026,7,IGBT闭锁,1.0,0.8878504672897196,0.9405940594059405,107
wide,42,0,正常,0.9593294008072027,0.9296028880866426,0.9442322383498855,6648
wide,42,1,交流短路,1.0,1.0,1.0,585
wide,42,2,弱电网,1.0,1.0,1.0,64
wide,42,3,相断开,1.0,1.0,1.0,498
wide,42,4,电网电气异常,0.5794732061762035,0.9740458015267176,0.7266514806378132,655
wide,42,5,谐波,0.9865229110512129,1.0,0.9932157394843961,366
wide,42,6,直流侧故障,1.0,0.37866666666666665,0.5493230174081237,375
wide,42,7,IGBT闭锁,1.0,0.8878504672897196,0.9405940594059405,107
wide,123,0,正常,0.9939114391143912,0.8103188929001204,0.892774279085184,6648
wide,123,1,交流短路,1.0,1.0,1.0,585
wide,123,2,弱电网,1.0,1.0,1.0,64
wide,123,3,相断开,1.0,1.0,1.0,498
wide,123,4,电网电气异常,0.547395388556789,0.9786259541984733,0.7020810514786419,655
wide,123,5,谐波,0.9838709677419355,1.0,0.991869918699187,366
wide,123,6,直流侧故障,0.3366880146386093,0.9813333333333333,0.5013623978201635,375
wide,123,7,IGBT闭锁,1.0,0.8878504672897196,0.9405940594059405,107
wide,2026,0,正常,0.9937694704049844,0.815734055354994,0.8959933911606774,6648
wide,2026,1,交流短路,1.0,1.0,1.0,585
wide,2026,2,弱电网,1.0,1.0,1.0,64
wide,2026,3,相断开,1.0,1.0,1.0,498
wide,2026,4,电网电气异常,0.5415617128463476,0.9847328244274809,0.6988082340195017,655
wide,2026,5,谐波,0.9631578947368421,1.0,0.9812332439678284,366
wide,2026,6,直流侧故障,0.3531128404669261,0.968,0.5174625801853172,375
wide,2026,7,IGBT闭锁,1.0,0.8878504672897196,0.9405940594059405,107
multiscale,42,0,正常,0.9956766917293233,0.7967809867629362,0.8851938502673797,6648
multiscale,42,1,交流短路,1.0,1.0,1.0,585
multiscale,42,2,弱电网,1.0,1.0,1.0,64
multiscale,42,3,相断开,1.0,1.0,1.0,498
multiscale,42,4,电网电气异常,0.5474576271186441,0.9862595419847329,0.7040871934604905,655
multiscale,42,5,谐波,0.9891304347826086,0.994535519125683,0.9918256130790191,366
multiscale,42,6,直流侧故障,0.31565656565656564,1.0,0.47984644913627633,375
multiscale,42,7,IGBT闭锁,1.0,0.8878504672897196,0.9405940594059405,107
multiscale,123,0,正常,0.9941634241245136,0.7686522262334536,0.8669833729216152,6648
multiscale,123,1,交流短路,1.0,1.0,1.0,585
multiscale,123,2,弱电网,1.0,1.0,1.0,64
multiscale,123,3,相断开,1.0,1.0,1.0,498
multiscale,123,4,电网电气异常,0.5496974935177182,0.9709923664122138,0.7019867549668873,655
multiscale,123,5,谐波,0.9945054945054945,0.9890710382513661,0.9917808219178081,366
multiscale,123,6,直流侧故障,0.26881720430107525,1.0,0.423728813559322,375
multiscale,123,7,IGBT闭锁,1.0,0.8878504672897196,0.9405940594059405,107
multiscale,2026,0,正常,0.9961751768980684,0.7835439229843562,0.8771575313631388,6648
multiscale,2026,1,交流短路,1.0,1.0,1.0,585
multiscale,2026,2,弱电网,1.0,1.0,1.0,64
multiscale,2026,3,相断开,1.0,1.0,1.0,498
multiscale,2026,4,电网电气异常,0.5500848896434635,0.9893129770992366,0.707037643207856,655
multiscale,2026,5,谐波,0.9972677595628415,0.9972677595628415,0.9972677595628415,366
multiscale,2026,6,直流侧故障,0.2922837100545596,1.0,0.4523522316043425,375
multiscale,2026,7,IGBT闭锁,1.0,0.8878504672897196,0.9405940594059405,107
