variant,seed,parameters,macro_f1,accuracy,normal_recall,normal_false_alarm,dc_precision,dc_recall,dc_f1,best_epoch,epochs,train_seconds
baseline,42,24936,0.8887791757294383,0.8836308883630888,0.8444645006016848,0.15553549939831524,0.3637284701114488,0.9573333333333334,0.527165932452276,11,26,45.01421070005745
baseline,123,24936,0.874670435331577,0.8536244353624436,0.7987364620938628,0.20126353790613716,0.3207222699914015,0.9946666666666667,0.48504551365409615,12,27,47.03818430006504
baseline,2026,24936,0.8905727999015993,0.9147128414712842,0.9195246690734056,0.08047533092659442,0.9793103448275862,0.37866666666666665,0.5461538461538461,12,27,47.29008179996163
wide,42,27366,0.8942520669107699,0.9214884921488492,0.9296028880866426,0.0703971119133574,1.0,0.37866666666666665,0.5493230174081237,9,24,46.34666969999671
wide,123,27366,0.8785852133111396,0.8608302860830286,0.8103188929001204,0.18968110709987962,0.3366880146386093,0.9813333333333333,0.5013623978201635,7,22,42.83518119994551
wide,2026,27366,0.8792614385924082,0.8645945364594536,0.815734055354994,0.184265944645006,0.3531128404669261,0.968,0.5174625801853172,15,30,56.98951440001838
multiscale,42,27432,0.8751933956686383,0.8522262852226286,0.7967809867629362,0.20321901323706382,0.31565656565656564,1.0,0.47984644913627633,10,25,55.60771539993584
multiscale,123,27432,0.8656342278464466,0.8308238330823833,0.7686522262334536,0.23134777376654636,0.26881720430107525,1.0,0.423728813559322,4,19,41.453184499870986
multiscale,2026,27432,0.8718011531430149,0.8430845343084534,0.7835439229843562,0.21645607701564384,0.2922837100545596,1.0,0.4523522316043425,12,27,59.898793399799615
