view,representation,method,fine_label,seeds,f1_mean,recall_mean,val_support_per_seed
raw,mean,ridge,0,3,0.01786150368085303,0.009025270758122744,6648.0
raw,mean,ridge,1,3,0.776657785499567,1.0,52.0
raw,mean,ridge,2,3,0.9061523589504125,1.0,61.0
raw,mean,ridge,3,3,0.890374491994654,1.0,49.0
raw,mean,ridge,4,3,0.7644917045408949,1.0,59.0
raw,mean,ridge,5,3,0.9185666879558377,1.0,58.0
raw,mean,ridge,6,3,0.7487280696040841,1.0,66.0
raw,mean,ridge,7,3,0.6403457653457654,1.0,45.0
raw,mean,ridge,8,3,0.9427181381309823,1.0,52.0
raw,mean,ridge,9,3,0.9665004810635879,1.0,51.0
raw,mean,ridge,10,3,0.6805310946733983,0.9622641509433962,53.0
raw,mean,ridge,11,3,0.13768115942028986,0.1623931623931624,39.0
raw,mean,ridge,12,3,0.5980150340615457,0.6302083333333334,64.0
raw,mean,ridge,13,3,0.513248152452308,0.47194719471947194,101.0
raw,mean,ridge,14,3,0.6179175879505517,0.5543071161048689,89.0
raw,mean,ridge,15,3,0.0175956114474978,0.008928571428571428,112.0
raw,mean,ridge,16,3,0.0,0.0,50.0
raw,mean,ridge,17,3,0.3411095077761745,0.5333333333333333,60.0
raw,mean,ridge,18,3,0.029304029304029307,0.034188034188034185,39.0
raw,mean,ridge,19,3,0.21875208541875205,0.2765957446808511,47.0
raw,mean,ridge,20,3,0.7562103193844334,0.8032786885245903,61.0
raw,mean,ridge,21,3,0.7247682751468424,0.6303030303030303,55.0
raw,mean,ridge,22,3,0.100372801178366,1.0,53.0
raw,mean,ridge,23,3,0.0,0.0,61.0
raw,mean,ridge,24,3,0.10698680663923961,1.0,39.0
raw,mean,ridge,25,3,0.04158250066638423,1.0,63.0
raw,mean,ridge,26,3,0.43851578571808125,0.637037037037037,45.0
raw,mean,ridge,27,3,0.4165293684281027,0.33962264150943394,53.0
raw,mean,ridge,28,3,0.4728330449218476,0.3710691823899371,53.0
raw,mean,ridge,29,3,0.38168260507574475,0.3012820512820513,52.0
raw,mean,ridge,30,3,0.7084121850920271,0.6451612903225806,62.0
raw,mean,ridge,31,3,0.32587519025875195,0.21264367816091953,58.0
raw,mean,ridge,32,3,0.09169452207426891,0.07333333333333335,50.0
raw,mean,ridge,33,3,0.13359957294898742,0.11299435028248588,59.0
raw,mean,ridge,34,3,0.20638807482872867,0.17777777777777778,60.0
raw,mean,ridge,35,3,0.1152789458929072,0.15238095238095237,35.0
raw,mean,ridge,36,3,0.15495584758726186,0.1206896551724138,58.0
raw,mean,ridge,37,3,0.10494787651102046,0.09420289855072463,46.0
raw,mean,ridge,38,3,0.20892687559354226,0.20114942528735633,58.0
raw,mean,ridge,39,3,0.16816050245233125,0.9641025641025641,65.0
raw,mean,ridge,40,3,0.2171092236501558,0.7030303030303031,55.0
raw,mean,ridge,41,3,0.8304696449026346,0.7142857142857143,56.0
raw,mean,ridge,42,3,0.28453060648342093,0.8390804597701149,58.0
raw,mean,ridge,43,3,0.07503130754574172,0.5407407407407407,45.0
raw,mean,ridge,44,3,0.6697213037316958,0.9931972789115647,49.0
raw,mean,ridge,45,3,0.0,0.0,47.0
raw,mean,ridge,46,3,0.6647607191748081,0.6825396825396824,42.0
raw,mean,ridge,47,3,0.17979650708895123,0.9384615384615383,65.0
raw,mean,prototype,0,3,0.9216193742291194,0.8755014039310067,6648.0
raw,mean,prototype,1,3,1.0,1.0,52.0
raw,mean,prototype,2,3,1.0,1.0,61.0
raw,mean,prototype,3,3,0.9966329966329966,1.0,49.0
raw,mean,prototype,4,3,1.0,1.0,59.0
raw,mean,prototype,5,3,0.9779085516790434,1.0,58.0
raw,mean,prototype,6,3,1.0,1.0,66.0
raw,mean,prototype,7,3,1.0,1.0,45.0
raw,mean,prototype,8,3,1.0,1.0,52.0
raw,mean,prototype,9,3,1.0,1.0,51.0
raw,mean,prototype,10,3,0.9142857142857143,0.9056603773584907,53.0
raw,mean,prototype,11,3,0.8860759493670886,0.8974358974358975,39.0
raw,mean,prototype,12,3,0.9450390642641014,0.8958333333333334,64.0
raw,mean,prototype,13,3,0.7617815226760182,0.834983498349835,101.0
raw,mean,prototype,14,3,0.8443923843522237,0.7715355805243446,89.0
raw,mean,prototype,15,3,0.6366088284960286,0.5238095238095238,112.0
raw,mean,prototype,16,3,0.38528827234835533,0.6533333333333333,50.0
raw,mean,prototype,17,3,0.3959838274932614,0.35000000000000003,60.0
raw,mean,prototype,18,3,0.12912037037037036,0.1111111111111111,39.0
raw,mean,prototype,19,3,0.21415695088261463,0.2127659574468085,47.0
raw,mean,prototype,20,3,0.45168333122495885,1.0,61.0
raw,mean,prototype,21,3,0.8923724473465207,1.0,55.0
raw,mean,prototype,22,3,0.3014785861807167,0.5723270440251572,53.0
raw,mean,prototype,23,3,0.37143908185668995,0.6612021857923497,61.0
raw,mean,prototype,24,3,1.0,1.0,39.0
raw,mean,prototype,25,3,0.9947916666666666,1.0,63.0
raw,mean,prototype,26,3,0.5014907226231179,0.6370370370370371,45.0
raw,mean,prototype,27,3,0.40483106056876544,0.27044025157232704,53.0
raw,mean,prototype,28,3,0.5529250459210467,0.6226415094339622,53.0
raw,mean,prototype,29,3,0.9204968944099378,1.0,52.0
raw,mean,prototype,30,3,0.9690232741263576,1.0,62.0
raw,mean,prototype,31,3,0.561363789502055,0.43678160919540227,58.0
raw,mean,prototype,32,3,0.16552707790165985,0.2733333333333334,50.0
raw,mean,prototype,33,3,0.1141750841750842,0.0903954802259887,59.0
raw,mean,prototype,34,3,0.14345878136200715,0.11111111111111112,60.0
raw,mean,prototype,35,3,0.11928158863218156,0.11428571428571428,35.0
raw,mean,prototype,36,3,0.1702294685990338,0.14942528735632185,58.0
raw,mean,prototype,37,3,0.15520644947655315,0.14492753623188406,46.0
raw,mean,prototype,38,3,0.14398239823982398,0.12643678160919541,58.0
raw,mean,prototype,39,3,0.33871738730758305,0.5025641025641026,65.0
raw,mean,prototype,40,3,0.32788434607073563,0.46060606060606063,55.0
raw,mean,prototype,41,3,0.8521103796049868,0.9226190476190476,56.0
raw,mean,prototype,42,3,0.3460464816351392,0.5689655172413793,58.0
raw,mean,prototype,43,3,0.2951921803951485,0.5259259259259259,45.0
raw,mean,prototype,44,3,0.7106941625142746,0.891156462585034,49.0
raw,mean,prototype,45,3,0.48856019729588107,0.36170212765957444,47.0
raw,mean,prototype,46,3,0.5083715401596196,0.8253968253968255,42.0
raw,mean,prototype,47,3,0.7320882556760893,0.9538461538461539,65.0
raw,concat,ridge,0,3,0.3363403165367511,0.21866225431207384,6648.0
raw,concat,ridge,1,3,0.8433291572259985,1.0,52.0
raw,concat,ridge,2,3,0.9460776088683066,1.0,61.0
raw,concat,ridge,3,3,0.9644444444444445,1.0,49.0
raw,concat,ridge,4,3,0.8082444566552806,1.0,59.0
raw,concat,ridge,5,3,0.950990069921852,1.0,58.0
raw,concat,ridge,6,3,0.7655996177735309,1.0,66.0
raw,concat,ridge,7,3,0.684605950105325,1.0,45.0
raw,concat,ridge,8,3,0.95728750557411,1.0,52.0
raw,concat,ridge,9,3,1.0,1.0,51.0
raw,concat,ridge,10,3,0.5806557377049181,0.6226415094339622,53.0
raw,concat,ridge,11,3,0.5472162840412678,0.6410256410256411,39.0
raw,concat,ridge,12,3,0.6598570563294973,0.65625,64.0
raw,concat,ridge,13,3,0.6295974700936854,0.6402640264026402,101.0
raw,concat,ridge,14,3,0.6473903612626359,0.5093632958801498,89.0
raw,concat,ridge,15,3,0.5953029941849092,0.43452380952380953,112.0
raw,concat,ridge,16,3,0.18689726344258215,0.10666666666666667,50.0
raw,concat,ridge,17,3,0.1192962172267551,0.09999999999999999,60.0
raw,concat,ridge,18,3,0.07973597359735973,0.10256410256410257,39.0
raw,concat,ridge,19,3,0.2927392025380344,0.425531914893617,47.0
raw,concat,ridge,20,3,0.7618076866517026,0.8306010928961749,61.0
raw,concat,ridge,21,3,0.8193870277975766,0.8121212121212121,55.0
raw,concat,ridge,22,3,0.10444525115985111,1.0,53.0
raw,concat,ridge,23,3,0.0,0.0,61.0
raw,concat,ridge,24,3,0.14974821246048628,1.0,39.0
raw,concat,ridge,25,3,0.11006721183238928,1.0,63.0
raw,concat,ridge,26,3,0.45542776026646986,0.6888888888888888,45.0
raw,concat,ridge,27,3,0.4514942122139103,0.3522012578616352,53.0
raw,concat,ridge,28,3,0.48477944819408236,0.40880503144654085,53.0
raw,concat,ridge,29,3,0.6137796804699126,0.5,52.0
raw,concat,ridge,30,3,0.7891224557891224,0.6935483870967744,62.0
raw,concat,ridge,31,3,0.34479240388772353,0.764367816091954,58.0
raw,concat,ridge,32,3,0.14973757332510035,0.12000000000000001,50.0
raw,concat,ridge,33,3,0.1608134158696399,0.14689265536723164,59.0
raw,concat,ridge,34,3,0.11701089657345794,0.09444444444444444,60.0
raw,concat,ridge,35,3,0.12984651074247716,0.17142857142857146,35.0
raw,concat,ridge,36,3,0.14324486429749586,0.132183908045977,58.0
raw,concat,ridge,37,3,0.10084507546595528,0.09420289855072463,46.0
raw,concat,ridge,38,3,0.21462070463353222,0.19540229885057472,58.0
raw,concat,ridge,39,3,0.19230546350054603,0.9282051282051281,65.0
raw,concat,ridge,40,3,0.24424456089036814,0.6848484848484849,55.0
raw,concat,ridge,41,3,0.8333333333333334,0.7142857142857143,56.0
raw,concat,ridge,42,3,0.2996435109355429,0.7701149425287356,58.0
raw,concat,ridge,43,3,0.1391971772066714,0.8074074074074074,45.0
raw,concat,ridge,44,3,0.5404606286959228,0.5918367346938775,49.0
raw,concat,ridge,45,3,0.5637133150622359,0.6595744680851063,47.0
raw,concat,ridge,46,3,0.36677834399751125,0.753968253968254,42.0
raw,concat,ridge,47,3,0.1911278043500233,0.9384615384615383,65.0
raw,concat,prototype,0,3,0.9175480028440255,0.8660750100280786,6648.0
raw,concat,prototype,1,3,1.0,1.0,52.0
raw,concat,prototype,2,3,1.0,1.0,61.0
raw,concat,prototype,3,3,1.0,1.0,49.0
raw,concat,prototype,4,3,1.0,1.0,59.0
raw,concat,prototype,5,3,1.0,1.0,58.0
raw,concat,prototype,6,3,1.0,1.0,66.0
raw,concat,prototype,7,3,1.0,1.0,45.0
raw,concat,prototype,8,3,1.0,1.0,52.0
raw,concat,prototype,9,3,1.0,1.0,51.0
raw,concat,prototype,10,3,0.8276984561201218,0.7861635220125787,53.0
raw,concat,prototype,11,3,0.7920785005156926,0.8461538461538461,39.0
raw,concat,prototype,12,3,0.95903180552957,0.921875,64.0
raw,concat,prototype,13,3,0.8016262652965028,0.8943894389438944,101.0
raw,concat,prototype,14,3,0.8739214612137197,0.8052434456928839,89.0
raw,concat,prototype,15,3,0.6870453979085624,0.5625,112.0
raw,concat,prototype,16,3,0.3954067115921312,0.6533333333333333,50.0
raw,concat,prototype,17,3,0.4145901838996468,0.37222222222222223,60.0
raw,concat,prototype,18,3,0.17592592592592593,0.1623931623931624,39.0
raw,concat,prototype,19,3,0.17962231005709264,0.16312056737588654,47.0
raw,concat,prototype,20,3,0.4834683302359844,1.0,61.0
raw,concat,prototype,21,3,0.8121561067138696,1.0,55.0
raw,concat,prototype,22,3,0.33120154015014114,0.6415094339622641,53.0
raw,concat,prototype,23,3,0.38396075936529006,0.6885245901639344,61.0
raw,concat,prototype,24,3,0.9915611814345991,1.0,39.0
raw,concat,prototype,25,3,0.9603729603729603,1.0,63.0
raw,concat,prototype,26,3,0.5516565416244544,0.6444444444444445,45.0
raw,concat,prototype,27,3,0.42402447916303454,0.3018867924528302,53.0
raw,concat,prototype,28,3,0.7075245839566019,0.8113207547169812,53.0
raw,concat,prototype,29,3,0.9430845120200839,1.0,52.0
raw,concat,prototype,30,3,0.9764980927771626,1.0,62.0
raw,concat,prototype,31,3,0.7741933652893782,0.6551724137931035,58.0
raw,concat,prototype,32,3,0.17847760933154433,0.2866666666666667,50.0
raw,concat,prototype,33,3,0.09251533366280118,0.07344632768361582,59.0
raw,concat,prototype,34,3,0.22802225406674678,0.2111111111111111,60.0
raw,concat,prototype,35,3,0.09376715780289868,0.09523809523809523,35.0
raw,concat,prototype,36,3,0.15579262007833436,0.13218390804597702,58.0
raw,concat,prototype,37,3,0.18474207296412848,0.17391304347826086,46.0
raw,concat,prototype,38,3,0.12558922558922558,0.1149425287356322,58.0
raw,concat,prototype,39,3,0.35810935318995923,0.5538461538461538,65.0
raw,concat,prototype,40,3,0.3418145286499717,0.47878787878787876,55.0
raw,concat,prototype,41,3,0.864348081297234,0.8928571428571428,56.0
raw,concat,prototype,42,3,0.36249581006346926,0.6206896551724138,58.0
raw,concat,prototype,43,3,0.3005358838692172,0.6148148148148148,45.0
raw,concat,prototype,44,3,0.7421797286204065,0.945578231292517,49.0
raw,concat,prototype,45,3,0.5243806856710083,0.375886524822695,47.0
raw,concat,prototype,46,3,0.48420024420024416,0.8650793650793651,42.0
raw,concat,prototype,47,3,0.6954671847489527,0.958974358974359,65.0
noncandidate,mean,ridge,0,3,0.02708784274116501,0.013767460556727965,6634.0
noncandidate,mean,ridge,1,3,0.8146994585948075,1.0,52.0
noncandidate,mean,ridge,2,3,0.9173961840628507,1.0,61.0
noncandidate,mean,ridge,3,3,0.9071845038512626,1.0,49.0
noncandidate,mean,ridge,4,3,0.7922280023120359,1.0,59.0
noncandidate,mean,ridge,5,3,0.9305747838430766,1.0,58.0
noncandidate,mean,ridge,6,3,0.757842719809052,1.0,66.0
noncandidate,mean,ridge,7,3,0.6533044420368364,1.0,45.0
noncandidate,mean,ridge,8,3,0.9456629789963124,1.0,52.0
noncandidate,mean,ridge,9,3,0.9811874300577684,1.0,51.0
noncandidate,mean,ridge,10,3,0.6555118793906386,0.7547169811320754,53.0
noncandidate,mean,ridge,11,3,0.3671506637608333,0.47008547008547014,39.0
noncandidate,mean,ridge,12,3,0.6231270149838801,0.6458333333333334,64.0
noncandidate,mean,ridge,13,3,0.5222041333152444,0.47194719471947194,101.0
noncandidate,mean,ridge,14,3,0.6053143756771734,0.5767790262172284,89.0
noncandidate,mean,ridge,15,3,0.04588133283785458,0.023809523809523808,112.0
noncandidate,mean,ridge,16,3,0.0,0.0,50.0
noncandidate,mean,ridge,17,3,0.25227490220438864,0.3166666666666667,60.0
noncandidate,mean,ridge,18,3,0.04939114601115283,0.05982905982905983,39.0
noncandidate,mean,ridge,19,3,0.27249012057228567,0.36170212765957444,47.0
noncandidate,mean,ridge,20,3,0.7101771871646348,0.8032786885245903,61.0
noncandidate,mean,ridge,21,3,0.7616557734204793,0.6545454545454545,55.0
noncandidate,mean,ridge,22,3,0.1005582848178625,1.0,53.0
noncandidate,mean,ridge,23,3,0.0,0.0,61.0
noncandidate,mean,ridge,24,3,0.10775503559224957,1.0,39.0
noncandidate,mean,ridge,25,3,0.04229871027631594,1.0,63.0
noncandidate,mean,ridge,26,3,0.4364959529065489,0.6444444444444445,45.0
noncandidate,mean,ridge,27,3,0.4268434003103814,0.34591194968553457,53.0
noncandidate,mean,ridge,28,3,0.4334227737715915,0.33962264150943394,53.0
noncandidate,mean,ridge,29,3,0.570653866172102,0.4615384615384615,52.0
noncandidate,mean,ridge,30,3,0.7578580295561427,0.6666666666666666,62.0
noncandidate,mean,ridge,31,3,0.4130016149907223,0.3160919540229885,58.0
noncandidate,mean,ridge,32,3,0.028368794326241134,0.018518518518518517,36.0
noncandidate,mean,ridge,33,3,0.1453367197407834,0.13821138211382114,41.0
noncandidate,mean,ridge,34,3,0.11356149209500382,0.07692307692307693,39.0
noncandidate,mean,ridge,35,3,0.15865076996381874,0.21794871794871792,26.0
noncandidate,mean,ridge,36,3,0.15290754977330967,0.19444444444444442,36.0
noncandidate,mean,ridge,37,3,0.04115942028985507,0.03125,32.0
noncandidate,mean,ridge,38,3,0.19326542161856253,0.1626016260162602,41.0
noncandidate,mean,ridge,39,3,0.16612364042896371,0.9897435897435898,65.0
noncandidate,mean,ridge,40,3,0.1875907947532305,0.5575757575757576,55.0
noncandidate,mean,ridge,41,3,0.8276059564719359,0.7142857142857143,56.0
noncandidate,mean,ridge,42,3,0.28358495900480635,0.8103448275862069,58.0
noncandidate,mean,ridge,43,3,0.08653240979044685,0.5851851851851851,45.0
noncandidate,mean,ridge,44,3,0.6640255130832516,0.945578231292517,49.0
noncandidate,mean,ridge,45,3,0.08964036500268384,0.06382978723404255,47.0
noncandidate,mean,ridge,46,3,0.6270279507910884,0.6904761904761904,42.0
noncandidate,mean,ridge,47,3,0.1828151654266833,0.9384615384615383,65.0
noncandidate,mean,prototype,0,3,0.9222734617283735,0.8746357150035172,6634.0
noncandidate,mean,prototype,1,3,1.0,1.0,52.0
noncandidate,mean,prototype,2,3,1.0,1.0,61.0
noncandidate,mean,prototype,3,3,0.9966329966329966,1.0,49.0
noncandidate,mean,prototype,4,3,1.0,1.0,59.0
noncandidate,mean,prototype,5,3,1.0,1.0,58.0
noncandidate,mean,prototype,6,3,1.0,1.0,66.0
noncandidate,mean,prototype,7,3,1.0,1.0,45.0
noncandidate,mean,prototype,8,3,1.0,1.0,52.0
noncandidate,mean,prototype,9,3,1.0,1.0,51.0
noncandidate,mean,prototype,10,3,0.9072584373555247,0.8930817610062892,53.0
noncandidate,mean,prototype,11,3,0.8787831431994583,0.8974358974358975,39.0
noncandidate,mean,prototype,12,3,0.9450390642641014,0.8958333333333334,64.0
noncandidate,mean,prototype,13,3,0.7648903607807718,0.8382838283828383,101.0
noncandidate,mean,prototype,14,3,0.8420314253647586,0.7677902621722846,89.0
noncandidate,mean,prototype,15,3,0.6389737563650607,0.5267857142857143,112.0
noncandidate,mean,prototype,16,3,0.38857067565619047,0.66,50.0
noncandidate,mean,prototype,17,3,0.40193620844564243,0.35555555555555557,60.0
noncandidate,mean,prototype,18,3,0.14641236380366815,0.11965811965811966,39.0
noncandidate,mean,prototype,19,3,0.1997083054596298,0.19858156028368792,47.0
noncandidate,mean,prototype,20,3,0.4490065629040441,1.0,61.0
noncandidate,mean,prototype,21,3,0.8853710101583045,1.0,55.0
noncandidate,mean,prototype,22,3,0.3022214666213306,0.5723270440251572,53.0
noncandidate,mean,prototype,23,3,0.36716295337928045,0.6557377049180327,61.0
noncandidate,mean,prototype,24,3,1.0,1.0,39.0
noncandidate,mean,prototype,25,3,0.9872773536895675,1.0,63.0
noncandidate,mean,prototype,26,3,0.4852926567401412,0.6074074074074073,45.0
noncandidate,mean,prototype,27,3,0.3836199836199836,0.2641509433962264,53.0
noncandidate,mean,prototype,28,3,0.5468228840961636,0.6163522012578616,53.0
noncandidate,mean,prototype,29,3,0.9286207826030836,1.0,52.0
noncandidate,mean,prototype,30,3,0.9714503635763477,1.0,62.0
noncandidate,mean,prototype,31,3,0.5664132319594505,0.44252873563218387,58.0
noncandidate,mean,prototype,32,3,0.23024853933944844,0.35185185185185186,36.0
noncandidate,mean,prototype,33,3,0.048735436203466896,0.04065040650406504,41.0
noncandidate,mean,prototype,34,3,0.08112073112073113,0.05982905982905982,39.0
noncandidate,mean,prototype,35,3,0.13087891667126642,0.14102564102564105,26.0
noncandidate,mean,prototype,36,3,0.14242979242979245,0.1111111111111111,36.0
noncandidate,mean,prototype,37,3,0.12678509230233367,0.11458333333333333,32.0
noncandidate,mean,prototype,38,3,0.14922218936855247,0.17073170731707318,41.0
noncandidate,mean,prototype,39,3,0.3359315579763554,0.49743589743589745,65.0
noncandidate,mean,prototype,40,3,0.3368803239770981,0.47272727272727266,55.0
noncandidate,mean,prototype,41,3,0.8711391733974635,0.9226190476190476,56.0
noncandidate,mean,prototype,42,3,0.34220681711380346,0.5689655172413793,58.0
noncandidate,mean,prototype,43,3,0.3149963533399116,0.562962962962963,45.0
noncandidate,mean,prototype,44,3,0.7146875022975071,0.891156462585034,49.0
noncandidate,mean,prototype,45,3,0.5064063536666276,0.375886524822695,47.0
noncandidate,mean,prototype,46,3,0.5137687305626237,0.8253968253968255,42.0
noncandidate,mean,prototype,47,3,0.7295367365962823,0.9538461538461539,65.0
noncandidate,concat,ridge,0,3,0.486462806021867,0.33358456436539047,6634.0
noncandidate,concat,ridge,1,3,0.8501488293571461,1.0,52.0
noncandidate,concat,ridge,2,3,0.9582067745407793,1.0,61.0
noncandidate,concat,ridge,3,3,0.9674358974358975,1.0,49.0
noncandidate,concat,ridge,4,3,0.8063864815332525,1.0,59.0
noncandidate,concat,ridge,5,3,0.950990069921852,1.0,58.0
noncandidate,concat,ridge,6,3,0.7724147212260827,1.0,66.0
noncandidate,concat,ridge,7,3,0.6882975762247344,1.0,45.0
noncandidate,concat,ridge,8,3,0.95728750557411,1.0,52.0
noncandidate,concat,ridge,9,3,1.0,1.0,51.0
noncandidate,concat,ridge,10,3,0.620327868852459,0.6226415094339622,53.0
noncandidate,concat,ridge,11,3,0.5517238341877632,0.6410256410256411,39.0
noncandidate,concat,ridge,12,3,0.7499234771962046,0.7708333333333334,64.0
noncandidate,concat,ridge,13,3,0.6902356902356902,0.6600660066006601,101.0
noncandidate,concat,ridge,14,3,0.710306237768406,0.5655430711610486,89.0
noncandidate,concat,ridge,15,3,0.7252731750801834,0.5863095238095238,112.0
noncandidate,concat,ridge,16,3,0.31867057673509286,0.19333333333333333,50.0
noncandidate,concat,ridge,17,3,0.09705568268497329,0.07777777777777778,60.0
noncandidate,concat,ridge,18,3,0.0808135779564351,0.10256410256410257,39.0
noncandidate,concat,ridge,19,3,0.2954366433860211,0.4326241134751773,47.0
noncandidate,concat,ridge,20,3,0.7620717697535077,0.9289617486338798,61.0
noncandidate,concat,ridge,21,3,0.8334084239873821,0.8121212121212121,55.0
noncandidate,concat,ridge,22,3,0.10723758005311405,1.0,53.0
noncandidate,concat,ridge,23,3,0.0,0.0,61.0
noncandidate,concat,ridge,24,3,0.17108610919427114,1.0,39.0
noncandidate,concat,ridge,25,3,0.229386261297146,1.0,63.0
noncandidate,concat,ridge,26,3,0.5187104930467763,0.7259259259259259,45.0
noncandidate,concat,ridge,27,3,0.5646743295019157,0.47798742138364775,53.0
noncandidate,concat,ridge,28,3,0.5923213551373249,0.49685534591194963,53.0
noncandidate,concat,ridge,29,3,0.6393656529157884,0.5,52.0
noncandidate,concat,ridge,30,3,0.7964784109438199,0.6935483870967744,62.0
noncandidate,concat,ridge,31,3,0.2240974241079454,0.8333333333333334,58.0
noncandidate,concat,ridge,32,3,0.162608181476106,0.12962962962962962,36.0
noncandidate,concat,ridge,33,3,0.13170607678616833,0.11382113821138211,41.0
noncandidate,concat,ridge,34,3,0.11136945979713275,0.07692307692307691,39.0
noncandidate,concat,ridge,35,3,0.19612504153566954,0.28205128205128205,26.0
noncandidate,concat,ridge,36,3,0.18530010530010532,0.19444444444444442,36.0
noncandidate,concat,ridge,37,3,0.09770625231224565,0.08333333333333333,32.0
noncandidate,concat,ridge,38,3,0.23686754645658756,0.19512195121951223,41.0
noncandidate,concat,ridge,39,3,0.23083591788265792,0.9743589743589745,65.0
noncandidate,concat,ridge,40,3,0.25072653014893836,0.6727272727272727,55.0
noncandidate,concat,ridge,41,3,0.8304696449026346,0.7142857142857143,56.0
noncandidate,concat,ridge,42,3,0.2935907641789995,0.7413793103448275,58.0
noncandidate,concat,ridge,43,3,0.14920276530158647,0.8518518518518517,45.0
noncandidate,concat,ridge,44,3,0.5730335807212938,0.6530612244897959,49.0
noncandidate,concat,ridge,45,3,0.45834580624928734,0.5035460992907802,47.0
noncandidate,concat,ridge,46,3,0.47817154596815614,0.6587301587301587,42.0
noncandidate,concat,ridge,47,3,0.19274494707871384,0.9384615384615383,65.0
noncandidate,concat,prototype,0,3,0.9181251566270143,0.8646869661340569,6634.0
noncandidate,concat,prototype,1,3,1.0,1.0,52.0
noncandidate,concat,prototype,2,3,1.0,1.0,61.0
noncandidate,concat,prototype,3,3,1.0,1.0,49.0
noncandidate,concat,prototype,4,3,1.0,1.0,59.0
noncandidate,concat,prototype,5,3,1.0,1.0,58.0
noncandidate,concat,prototype,6,3,1.0,1.0,66.0
noncandidate,concat,prototype,7,3,1.0,1.0,45.0
noncandidate,concat,prototype,8,3,1.0,1.0,52.0
noncandidate,concat,prototype,9,3,1.0,1.0,51.0
noncandidate,concat,prototype,10,3,0.8366013071895425,0.8050314465408807,53.0
noncandidate,concat,prototype,11,3,0.7967479674796748,0.8376068376068376,39.0
noncandidate,concat,prototype,12,3,0.9616981389045648,0.9270833333333334,64.0
noncandidate,concat,prototype,13,3,0.8069676725183332,0.8976897689768978,101.0
noncandidate,concat,prototype,14,3,0.8726439500332619,0.8089887640449439,89.0
noncandidate,concat,prototype,15,3,0.6994172424884035,0.5714285714285715,112.0
noncandidate,concat,prototype,16,3,0.38686666464444247,0.6133333333333333,50.0
noncandidate,concat,prototype,17,3,0.30749973848285667,0.2722222222222222,60.0
noncandidate,concat,prototype,18,3,0.21165576898070246,0.19658119658119658,39.0
noncandidate,concat,prototype,19,3,0.22341269841269842,0.23404255319148937,47.0
noncandidate,concat,prototype,20,3,0.49179417692514554,1.0,61.0
noncandidate,concat,prototype,21,3,0.8033689024390244,1.0,55.0
noncandidate,concat,prototype,22,3,0.33984906317826175,0.6477987421383647,53.0
noncandidate,concat,prototype,23,3,0.3860643742179326,0.6939890710382514,61.0
noncandidate,concat,prototype,24,3,0.9915611814345991,1.0,39.0
noncandidate,concat,prototype,25,3,0.9577482884569498,1.0,63.0
noncandidate,concat,prototype,26,3,0.5707710919419314,0.6518518518518518,45.0
noncandidate,concat,prototype,27,3,0.47224406224406223,0.3522012578616352,53.0
noncandidate,concat,prototype,28,3,0.712290008841733,0.8113207547169812,53.0
noncandidate,concat,prototype,29,3,0.9571818675479826,1.0,52.0
noncandidate,concat,prototype,30,3,0.9815439736699578,1.0,62.0
noncandidate,concat,prototype,31,3,0.8069806384092099,0.7011494252873564,58.0
noncandidate,concat,prototype,32,3,0.17905844155844156,0.25,36.0
noncandidate,concat,prototype,33,3,0.05621134212683509,0.04878048780487806,41.0
noncandidate,concat,prototype,34,3,0.18124098124098129,0.15384615384615385,39.0
noncandidate,concat,prototype,35,3,0.07932389937106919,0.08974358974358976,26.0
noncandidate,concat,prototype,36,3,0.1271619496855346,0.1111111111111111,36.0
noncandidate,concat,prototype,37,3,0.06480382993001631,0.0625,32.0
noncandidate,concat,prototype,38,3,0.17282058238379458,0.17886178861788618,41.0
noncandidate,concat,prototype,39,3,0.3495500394165907,0.5641025641025641,65.0
noncandidate,concat,prototype,40,3,0.3491881324274555,0.47878787878787876,55.0
noncandidate,concat,prototype,41,3,0.8700978870470396,0.8988095238095237,56.0
noncandidate,concat,prototype,42,3,0.38051776079945093,0.6494252873563219,58.0
noncandidate,concat,prototype,43,3,0.3017994722255374,0.6222222222222222,45.0
noncandidate,concat,prototype,44,3,0.747668952430241,0.9387755102040817,49.0
noncandidate,concat,prototype,45,3,0.5463988578742677,0.40425531914893614,47.0
noncandidate,concat,prototype,46,3,0.4706762398445969,0.8650793650793651,42.0
noncandidate,concat,prototype,47,3,0.6889041822974299,0.958974358974359,65.0
early_late,mean,ridge,0,3,0.029919389180654857,0.015230961298377027,2670.0
early_late,mean,ridge,1,3,0.8264069264069264,1.0,23.0
early_late,mean,ridge,2,3,0.9694691273638641,1.0,37.0
early_late,mean,ridge,3,3,0.9625660565648317,1.0,34.0
early_late,mean,ridge,4,3,0.822429906542056,1.0,44.0
early_late,mean,ridge,5,3,0.9559032716927455,1.0,18.0
early_late,mean,ridge,6,3,0.7688379253596644,1.0,29.0
early_late,mean,ridge,7,3,0.7385780885780885,1.0,24.0
early_late,mean,ridge,8,3,0.9422764227642277,1.0,19.0
early_late,mean,ridge,9,3,0.9925925925925926,1.0,22.0
early_late,mean,ridge,10,3,0.20289408866995073,0.3333333333333333,9.0
early_late,mean,ridge,11,3,0.6723388164114198,0.6666666666666666,21.0
early_late,mean,ridge,12,3,0.4880029531192322,0.5166666666666667,20.0
early_late,mean,ridge,13,3,0.41031746031746036,0.5333333333333333,20.0
early_late,mean,ridge,14,3,0.6219775330886442,0.5782312925170068,49.0
early_late,mean,ridge,15,3,0.10542040119504907,0.0582010582010582,63.0
early_late,mean,ridge,16,3,0.0,0.0,18.0
early_late,mean,ridge,17,3,0.2907288420350634,0.3428571428571428,35.0
early_late,mean,ridge,18,3,0.030303030303030304,0.03571428571428571,28.0
early_late,mean,ridge,19,3,0.2210084033613445,0.3194444444444444,24.0
early_late,mean,ridge,20,3,0.7164417791104447,0.75,16.0
early_late,mean,ridge,21,3,0.7489738798358209,0.6555555555555556,30.0
early_late,mean,ridge,22,3,0.10431032372559819,1.0,21.0
early_late,mean,ridge,23,3,0.0,0.0,7.0
early_late,mean,ridge,24,3,0.07960406571216207,1.0,10.0
early_late,mean,ridge,25,3,0.04039020969045859,1.0,26.0
early_late,mean,ridge,26,3,0.5356117566643882,0.5802469135802469,27.0
early_late,mean,ridge,27,3,0.3212121212121212,0.38095238095238093,7.0
early_late,mean,ridge,28,3,0.2734299516908213,0.22222222222222224,18.0
early_late,mean,ridge,29,3,0.16865079365079363,0.1111111111111111,18.0
early_late,mean,ridge,30,3,0.807952003009818,0.717948717948718,39.0
early_late,mean,ridge,31,3,0.49485783424077434,0.3888888888888889,18.0
early_late,mean,ridge,32,3,0.17777777777777778,0.125,8.0
early_late,mean,ridge,33,3,0.15810359231411864,0.13333333333333333,10.0
early_late,mean,ridge,34,3,0.18887799208165337,0.15384615384615385,13.0
early_late,mean,ridge,35,3,0.262379595712929,0.3636363636363636,11.0
early_late,mean,ridge,36,3,0.05128205128205127,0.06060606060606061,11.0
early_late,mean,ridge,37,3,0.02777777777777778,0.022222222222222223,15.0
early_late,mean,ridge,38,3,0.18990504747626188,0.19047619047619047,14.0
early_late,mean,ridge,39,3,0.1953373657845577,0.8390804597701149,29.0
early_late,mean,ridge,40,3,0.24497306886821932,1.0,20.0
early_late,mean,ridge,41,3,0.7924528301886792,0.65625,32.0
early_late,mean,ridge,42,3,0.050505050505050504,0.08333333333333333,20.0
early_late,mean,ridge,43,3,0.12855818611655243,1.0,18.0
early_late,mean,ridge,44,3,0.5247376311844079,1.0,7.0
early_late,mean,ridge,45,3,0.14814814814814817,0.13333333333333333,15.0
early_late,mean,ridge,46,3,0.13333333333333333,0.22916666666666666,16.0
early_late,mean,ridge,47,3,0.15020237646542509,0.84,25.0
early_late,mean,prototype,0,3,0.9234105998677452,0.8760299625468164,2670.0
early_late,mean,prototype,1,3,1.0,1.0,23.0
early_late,mean,prototype,2,3,1.0,1.0,37.0
early_late,mean,prototype,3,3,0.9951690821256038,1.0,34.0
early_late,mean,prototype,4,3,1.0,1.0,44.0
early_late,mean,prototype,5,3,1.0,1.0,18.0
early_late,mean,prototype,6,3,1.0,1.0,29.0
early_late,mean,prototype,7,3,1.0,1.0,24.0
early_late,mean,prototype,8,3,1.0,1.0,19.0
early_late,mean,prototype,9,3,1.0,1.0,22.0
early_late,mean,prototype,10,3,0.6262626262626264,0.8148148148148148,9.0
early_late,mean,prototype,11,3,0.7641325536062378,0.6666666666666666,21.0
early_late,mean,prototype,12,3,0.9473684210526315,0.9,20.0
early_late,mean,prototype,13,3,0.5093378607809848,0.75,20.0
early_late,mean,prototype,14,3,0.8359325125398996,0.7278911564625851,49.0
early_late,mean,prototype,15,3,0.6638288318627782,0.5343915343915344,63.0
early_late,mean,prototype,16,3,0.1708942898338647,0.3333333333333333,18.0
early_late,mean,prototype,17,3,0.1732578866641794,0.1523809523809524,35.0
early_late,mean,prototype,18,3,0.1698131197559115,0.14285714285714285,28.0
early_late,mean,prototype,19,3,0.39723003728356093,0.5416666666666666,24.0
early_late,mean,prototype,20,3,0.2995629925022372,1.0,16.0
early_late,mean,prototype,21,3,0.9890710382513661,1.0,30.0
early_late,mean,prototype,22,3,0.1529594017094017,0.2698412698412698,21.0
early_late,mean,prototype,23,3,0.12514029180695846,0.28571428571428564,7.0
early_late,mean,prototype,24,3,1.0,1.0,10.0
early_late,mean,prototype,25,3,1.0,1.0,26.0
early_late,mean,prototype,26,3,0.5619651757005917,0.5185185185185185,27.0
early_late,mean,prototype,27,3,0.5367521367521367,0.5238095238095238,7.0
early_late,mean,prototype,28,3,0.5901754385964912,0.6851851851851851,18.0
early_late,mean,prototype,29,3,0.9729729729729731,1.0,18.0
early_late,mean,prototype,30,3,1.0,1.0,39.0
early_late,mean,prototype,31,3,0.7991101223581758,0.6666666666666666,18.0
early_late,mean,prototype,32,3,0.4383442265795207,0.5,8.0
early_late,mean,prototype,33,3,0.03333333333333334,0.03333333333333333,10.0
early_late,mean,prototype,34,3,0.1074074074074074,0.07692307692307693,13.0
early_late,mean,prototype,35,3,0.1596774193548387,0.21212121212121213,11.0
early_late,mean,prototype,36,3,0.20556776556776554,0.24242424242424243,11.0
early_late,mean,prototype,37,3,0.14239926739926742,0.13333333333333333,15.0
early_late,mean,prototype,38,3,0.047619047619047616,0.047619047619047616,14.0
early_late,mean,prototype,39,3,0.36759207336792854,0.5287356321839081,29.0
early_late,mean,prototype,40,3,0.0,0.0,20.0
early_late,mean,prototype,41,3,0.785510186395599,1.0,32.0
early_late,mean,prototype,42,3,0.01754385964912281,0.016666666666666666,20.0
early_late,mean,prototype,43,3,0.1529007999596235,0.46296296296296297,18.0
early_late,mean,prototype,44,3,0.8262108262108262,0.9523809523809524,7.0
early_late,mean,prototype,45,3,0.8866832092638544,0.8222222222222223,15.0
early_late,mean,prototype,46,3,0.5417064214878423,1.0,16.0
early_late,mean,prototype,47,3,0.6535826983760487,0.88,25.0
early_late,concat,ridge,0,3,0.5206626638301265,0.366167290886392,2670.0
early_late,concat,ridge,1,3,0.8415263748597082,1.0,23.0
early_late,concat,ridge,2,3,0.9780116959064328,1.0,37.0
early_late,concat,ridge,3,3,0.9855072463768115,1.0,34.0
early_late,concat,ridge,4,3,0.8276024216775407,1.0,44.0
early_late,concat,ridge,5,3,0.9644381223328592,1.0,18.0
early_late,concat,ridge,6,3,0.7793217770199868,1.0,29.0
early_late,concat,ridge,7,3,0.7661290322580645,1.0,24.0
early_late,concat,ridge,8,3,0.9500000000000001,1.0,19.0
early_late,concat,ridge,9,3,1.0,1.0,22.0
early_late,concat,ridge,10,3,0.27669172932330827,0.3333333333333333,9.0
early_late,concat,ridge,11,3,0.6457607433217188,0.6666666666666666,21.0
early_late,concat,ridge,12,3,0.6567510491158424,0.7000000000000001,20.0
early_late,concat,ridge,13,3,0.5672506738544474,0.75,20.0
early_late,concat,ridge,14,3,0.6755144185281172,0.5102040816326531,49.0
early_late,concat,ridge,15,3,0.7308451763582876,0.5873015873015873,63.0
early_late,concat,ridge,16,3,0.0,0.0,18.0
early_late,concat,ridge,17,3,0.12264278930945598,0.09523809523809523,35.0
early_late,concat,ridge,18,3,0.0909090909090909,0.10714285714285714,28.0
early_late,concat,ridge,19,3,0.22126351703816494,0.3333333333333333,24.0
early_late,concat,ridge,20,3,0.7278538812785388,0.9583333333333334,16.0
early_late,concat,ridge,21,3,0.7833649588867805,0.7777777777777777,30.0
early_late,concat,ridge,22,3,0.1048770744262355,0.9523809523809524,21.0
early_late,concat,ridge,23,3,0.017777777777777778,0.09523809523809523,7.0
early_late,concat,ridge,24,3,0.16349969474969475,1.0,10.0
early_late,concat,ridge,25,3,0.30623613751918993,1.0,26.0
early_late,concat,ridge,26,3,0.5418300653594771,0.54320987654321,27.0
early_late,concat,ridge,27,3,0.1325757575757576,0.19047619047619047,7.0
early_late,concat,ridge,28,3,0.42826005729231537,0.38888888888888884,18.0
early_late,concat,ridge,29,3,0.19682539682539682,0.1111111111111111,18.0
early_late,concat,ridge,30,3,0.823529411764706,0.717948717948718,39.0
early_late,concat,ridge,31,3,0.16727603476466188,0.8333333333333334,18.0
early_late,concat,ridge,32,3,0.3340972752737459,0.2916666666666667,8.0
early_late,concat,ridge,33,3,0.21442495126705655,0.20000000000000004,10.0
early_late,concat,ridge,34,3,0.23882623224728486,0.17948717948717952,13.0
early_late,concat,ridge,35,3,0.33871875251185596,0.45454545454545453,11.0
early_late,concat,ridge,36,3,0.0,0.0,11.0
early_late,concat,ridge,37,3,0.15950176366843036,0.15555555555555556,15.0
early_late,concat,ridge,38,3,0.1820691385908777,0.14285714285714285,14.0
early_late,concat,ridge,39,3,0.2021046720335278,0.7126436781609197,29.0
early_late,concat,ridge,40,3,0.300512671540543,1.0,20.0
early_late,concat,ridge,41,3,0.7924528301886792,0.65625,32.0
early_late,concat,ridge,42,3,0.0,0.0,20.0
early_late,concat,ridge,43,3,0.17222968637202216,1.0,18.0
early_late,concat,ridge,44,3,0.48951048951048953,0.5714285714285714,7.0
early_late,concat,ridge,45,3,0.6617526617526618,0.7999999999999999,15.0
early_late,concat,ridge,46,3,0.3134578544061302,0.4583333333333333,16.0
early_late,concat,ridge,47,3,0.16158264483884127,0.84,25.0
early_late,concat,prototype,0,3,0.922183422429848,0.8741573033707866,2670.0
early_late,concat,prototype,1,3,1.0,1.0,23.0
early_late,concat,prototype,2,3,1.0,1.0,37.0
early_late,concat,prototype,3,3,1.0,1.0,34.0
early_late,concat,prototype,4,3,1.0,1.0,44.0
early_late,concat,prototype,5,3,1.0,1.0,18.0
early_late,concat,prototype,6,3,1.0,1.0,29.0
early_late,concat,prototype,7,3,1.0,1.0,24.0
early_late,concat,prototype,8,3,1.0,1.0,19.0
early_late,concat,prototype,9,3,1.0,1.0,22.0
early_late,concat,prototype,10,3,0.47694334650856396,0.5925925925925927,9.0
early_late,concat,prototype,11,3,0.6903745851114271,0.6190476190476191,21.0
early_late,concat,prototype,12,3,0.9649122807017544,0.9333333333333332,20.0
early_late,concat,prototype,13,3,0.5944289372967684,0.8833333333333333,20.0
early_late,concat,prototype,14,3,0.8437756497948016,0.7346938775510204,49.0
early_late,concat,prototype,15,3,0.749270482603816,0.6190476190476191,63.0
early_late,concat,prototype,16,3,0.15743246451122822,0.25925925925925924,18.0
early_late,concat,prototype,17,3,0.2169661733615222,0.17142857142857146,35.0
early_late,concat,prototype,18,3,0.22728516694033937,0.2380952380952381,28.0
early_late,concat,prototype,19,3,0.3019750139253601,0.3888888888888889,24.0
early_late,concat,prototype,20,3,0.36269970318750805,1.0,16.0
early_late,concat,prototype,21,3,0.9335154826958106,1.0,30.0
early_late,concat,prototype,22,3,0.17321127332785738,0.30158730158730157,21.0
early_late,concat,prototype,23,3,0.23233665559246955,0.6190476190476191,7.0
early_late,concat,prototype,24,3,1.0,1.0,10.0
early_late,concat,prototype,25,3,1.0,1.0,26.0
early_late,concat,prototype,26,3,0.6808176100628932,0.6296296296296297,27.0
early_late,concat,prototype,27,3,0.48833622517833036,0.5238095238095238,7.0
early_late,concat,prototype,28,3,0.7174693490482964,0.7777777777777778,18.0
early_late,concat,prototype,29,3,0.990990990990991,1.0,18.0
early_late,concat,prototype,30,3,1.0,1.0,39.0
early_late,concat,prototype,31,3,0.9405653170359053,0.8888888888888888,18.0
early_late,concat,prototype,32,3,0.333719806763285,0.5,8.0
early_late,concat,prototype,33,3,0.0,0.0,10.0
early_late,concat,prototype,34,3,0.2896825396825397,0.20512820512820515,13.0
early_late,concat,prototype,35,3,0.17901234567901234,0.21212121212121213,11.0
early_late,concat,prototype,36,3,0.11352657004830918,0.12121212121212122,11.0
early_late,concat,prototype,37,3,0.09016754850088184,0.08888888888888889,15.0
early_late,concat,prototype,38,3,0.1336008918617614,0.11904761904761903,14.0
early_late,concat,prototype,39,3,0.34411646586345385,0.5057471264367815,29.0
early_late,concat,prototype,40,3,0.0,0.0,20.0
early_late,concat,prototype,41,3,0.7669994505437542,0.9583333333333334,32.0
early_late,concat,prototype,42,3,0.0,0.0,20.0
early_late,concat,prototype,43,3,0.12765700483091788,0.3703703703703704,18.0
early_late,concat,prototype,44,3,0.8866396761133603,0.9523809523809524,7.0
early_late,concat,prototype,45,3,0.9225806451612902,0.8888888888888888,15.0
early_late,concat,prototype,46,3,0.4840696117804551,1.0,16.0
early_late,concat,prototype,47,3,0.6384375972611267,0.8933333333333334,25.0
raw,raw103,ridge,0,1,0.0,0.0,6648.0
raw,raw103,ridge,1,1,0.09576427255985266,1.0,52.0
raw,raw103,ridge,2,1,0.19488817891373802,1.0,61.0
raw,raw103,ridge,3,1,0.0,0.0,49.0
raw,raw103,ridge,4,1,0.4916666666666667,1.0,59.0
raw,raw103,ridge,5,1,0.7891156462585034,1.0,58.0
raw,raw103,ridge,6,1,0.0,0.0,66.0
raw,raw103,ridge,7,1,0.32258064516129037,1.0,45.0
raw,raw103,ridge,8,1,0.0,0.0,52.0
raw,raw103,ridge,9,1,0.45739910313901344,1.0,51.0
raw,raw103,ridge,10,1,0.3646408839779005,0.6226415094339622,53.0
raw,raw103,ridge,11,1,0.5617977528089888,0.6410256410256411,39.0
raw,raw103,ridge,12,1,0.0,0.0,64.0
raw,raw103,ridge,13,1,0.0,0.0,101.0
raw,raw103,ridge,14,1,0.0,0.0,89.0
raw,raw103,ridge,15,1,0.0,0.0,112.0
raw,raw103,ridge,16,1,0.0,0.0,50.0
raw,raw103,ridge,17,1,0.14,0.11666666666666667,60.0
raw,raw103,ridge,18,1,0.06837606837606837,0.10256410256410256,39.0
raw,raw103,ridge,19,1,0.273972602739726,0.425531914893617,47.0
raw,raw103,ridge,20,1,0.8672566371681416,0.8032786885245902,61.0
raw,raw103,ridge,21,1,0.06719609040928529,1.0,55.0
raw,raw103,ridge,22,1,0.15295815295815296,1.0,53.0
raw,raw103,ridge,23,1,0.0,0.0,61.0
raw,raw103,ridge,24,1,0.6610169491525424,1.0,39.0
raw,raw103,ridge,25,1,0.7368421052631579,1.0,63.0
raw,raw103,ridge,26,1,0.11782477341389727,0.8666666666666667,45.0
raw,raw103,ridge,27,1,0.6190476190476191,0.7358490566037735,53.0
raw,raw103,ridge,28,1,0.6025641025641026,0.8867924528301887,53.0
raw,raw103,ridge,29,1,0.0,0.0,52.0
raw,raw103,ridge,30,1,0.0,0.0,62.0
raw,raw103,ridge,31,1,0.0,0.0,58.0
raw,raw103,ridge,32,1,0.13725490196078433,0.14,50.0
raw,raw103,ridge,33,1,0.07894736842105263,0.05084745762711865,59.0
raw,raw103,ridge,34,1,0.0963855421686747,0.06666666666666667,60.0
raw,raw103,ridge,35,1,0.1818181818181818,0.2,35.0
raw,raw103,ridge,36,1,0.11111111111111112,0.08620689655172414,58.0
raw,raw103,ridge,37,1,0.14736842105263157,0.15217391304347827,46.0
raw,raw103,ridge,38,1,0.19298245614035084,0.1896551724137931,58.0
raw,raw103,ridge,39,1,0.08754208754208755,1.0,65.0
raw,raw103,ridge,40,1,0.0,0.0,55.0
raw,raw103,ridge,41,1,0.8333333333333333,0.7142857142857143,56.0
raw,raw103,ridge,42,1,0.0,0.0,58.0
raw,raw103,ridge,43,1,0.0,0.0,45.0
raw,raw103,ridge,44,1,0.6242038216560509,1.0,49.0
raw,raw103,ridge,45,1,0.0,0.0,47.0
raw,raw103,ridge,46,1,0.5373134328358209,0.42857142857142855,42.0
raw,raw103,ridge,47,1,0.6857142857142857,0.5538461538461539,65.0
raw,raw103,prototype,0,1,0.8951822916666667,0.8273164861612515,6648.0
raw,raw103,prototype,1,1,1.0,1.0,52.0
raw,raw103,prototype,2,1,1.0,1.0,61.0
raw,raw103,prototype,3,1,1.0,1.0,49.0
raw,raw103,prototype,4,1,1.0,1.0,59.0
raw,raw103,prototype,5,1,1.0,1.0,58.0
raw,raw103,prototype,6,1,1.0,1.0,66.0
raw,raw103,prototype,7,1,1.0,1.0,45.0
raw,raw103,prototype,8,1,1.0,1.0,52.0
raw,raw103,prototype,9,1,1.0,1.0,51.0
raw,raw103,prototype,10,1,0.7291666666666667,0.660377358490566,53.0
raw,raw103,prototype,11,1,0.7045454545454547,0.7948717948717948,39.0
raw,raw103,prototype,12,1,0.9344262295081966,0.890625,64.0
raw,raw103,prototype,13,1,0.9528301886792453,1.0,101.0
raw,raw103,prototype,14,1,0.9828571428571428,0.9662921348314607,89.0
raw,raw103,prototype,15,1,0.7956989247311829,0.6607142857142857,112.0
raw,raw103,prototype,16,1,0.4413793103448276,0.64,50.0
raw,raw103,prototype,17,1,0.4444444444444445,0.4,60.0
raw,raw103,prototype,18,1,0.2535211267605634,0.23076923076923078,39.0
raw,raw103,prototype,19,1,0.18556701030927833,0.19148936170212766,47.0
raw,raw103,prototype,20,1,0.4357142857142857,1.0,61.0
raw,raw103,prototype,21,1,0.6214689265536724,1.0,55.0
raw,raw103,prototype,22,1,0.3383084577114428,0.6415094339622641,53.0
raw,raw103,prototype,23,1,0.4192139737991266,0.7868852459016393,61.0
raw,raw103,prototype,24,1,1.0,1.0,39.0
raw,raw103,prototype,25,1,0.9767441860465117,1.0,63.0
raw,raw103,prototype,26,1,0.9574468085106383,1.0,45.0
raw,raw103,prototype,27,1,0.9904761904761905,0.9811320754716981,53.0
raw,raw103,prototype,28,1,0.9514563106796116,0.9245283018867925,53.0
raw,raw103,prototype,29,1,0.9904761904761905,1.0,52.0
raw,raw103,prototype,30,1,0.9763779527559054,1.0,62.0
raw,raw103,prototype,31,1,0.35416666666666663,0.29310344827586204,58.0
raw,raw103,prototype,32,1,0.20155038759689922,0.26,50.0
raw,raw103,prototype,33,1,0.1652892561983471,0.1694915254237288,59.0
raw,raw103,prototype,34,1,0.14,0.11666666666666667,60.0
raw,raw103,prototype,35,1,0.07142857142857144,0.08571428571428572,35.0
raw,raw103,prototype,36,1,0.18000000000000002,0.15517241379310345,58.0
raw,raw103,prototype,37,1,0.18367346938775508,0.1956521739130435,46.0
raw,raw103,prototype,38,1,0.1904761904761905,0.1724137931034483,58.0
raw,raw103,prototype,39,1,0.31746031746031744,0.6153846153846154,65.0
raw,raw103,prototype,40,1,0.3896103896103897,0.5454545454545454,55.0
raw,raw103,prototype,41,1,0.8947368421052632,0.9107142857142857,56.0
raw,raw103,prototype,42,1,0.39378238341968913,0.6551724137931034,58.0
raw,raw103,prototype,43,1,0.314410480349345,0.8,45.0
raw,raw103,prototype,44,1,0.845360824742268,0.8367346938775511,49.0
raw,raw103,prototype,45,1,0.8421052631578947,0.851063829787234,47.0
raw,raw103,prototype,46,1,0.3125,0.9523809523809523,42.0
raw,raw103,prototype,47,1,0.7251461988304093,0.9538461538461539,65.0
noncandidate,raw103,ridge,0,1,0.0,0.0,6634.0
noncandidate,raw103,ridge,1,1,0.055764075067024126,1.0,52.0
noncandidate,raw103,ridge,2,1,0.9682539682539683,1.0,61.0
noncandidate,raw103,ridge,3,1,0.0,0.0,49.0
noncandidate,raw103,ridge,4,1,0.543778801843318,1.0,59.0
noncandidate,raw103,ridge,5,1,0.9747899159663865,1.0,58.0
noncandidate,raw103,ridge,6,1,0.653061224489796,0.48484848484848486,66.0
noncandidate,raw103,ridge,7,1,0.4054054054054054,1.0,45.0
noncandidate,raw103,ridge,8,1,0.0,0.0,52.0
noncandidate,raw103,ridge,9,1,0.49038461538461536,1.0,51.0
noncandidate,raw103,ridge,10,1,0.4852941176470588,0.6226415094339622,53.0
noncandidate,raw103,ridge,11,1,0.45871559633027525,0.6410256410256411,39.0
noncandidate,raw103,ridge,12,1,0.0,0.0,64.0
noncandidate,raw103,ridge,13,1,0.0,0.0,101.0
noncandidate,raw103,ridge,14,1,0.0,0.0,89.0
noncandidate,raw103,ridge,15,1,0.0,0.0,112.0
noncandidate,raw103,ridge,16,1,0.0,0.0,50.0
noncandidate,raw103,ridge,17,1,0.14285714285714285,0.11666666666666667,60.0
noncandidate,raw103,ridge,18,1,0.08602150537634408,0.10256410256410256,39.0
noncandidate,raw103,ridge,19,1,0.2814814814814815,0.40425531914893614,47.0
noncandidate,raw103,ridge,20,1,0.10022779043280182,0.36065573770491804,61.0
noncandidate,raw103,ridge,21,1,0.09143807148794679,1.0,55.0
noncandidate,raw103,ridge,22,1,0.1476323119777159,1.0,53.0
noncandidate,raw103,ridge,23,1,0.0,0.0,61.0
noncandidate,raw103,ridge,24,1,0.5777777777777777,1.0,39.0
noncandidate,raw103,ridge,25,1,0.4117647058823529,1.0,63.0
noncandidate,raw103,ridge,26,1,0.13996889580093314,1.0,45.0
noncandidate,raw103,ridge,27,1,0.7205882352941178,0.9245283018867925,53.0
noncandidate,raw103,ridge,28,1,0.6838709677419356,1.0,53.0
noncandidate,raw103,ridge,29,1,0.02469135802469136,0.11538461538461539,52.0
noncandidate,raw103,ridge,30,1,0.23404255319148934,0.1774193548387097,62.0
noncandidate,raw103,ridge,31,1,0.06451612903225806,0.034482758620689655,58.0
noncandidate,raw103,ridge,32,1,0.0784313725490196,0.05555555555555555,36.0
noncandidate,raw103,ridge,33,1,0.15625,0.12195121951219512,41.0
noncandidate,raw103,ridge,34,1,0.044444444444444446,0.02564102564102564,39.0
noncandidate,raw103,ridge,35,1,0.1509433962264151,0.15384615384615385,26.0
noncandidate,raw103,ridge,36,1,0.15625000000000003,0.1388888888888889,36.0
noncandidate,raw103,ridge,37,1,0.14084507042253522,0.15625,32.0
noncandidate,raw103,ridge,38,1,0.21538461538461542,0.17073170731707318,41.0
noncandidate,raw103,ridge,39,1,0.0983358547655068,1.0,65.0
noncandidate,raw103,ridge,40,1,0.0,0.0,55.0
noncandidate,raw103,ridge,41,1,0.8333333333333333,0.7142857142857143,56.0
noncandidate,raw103,ridge,42,1,0.0,0.0,58.0
noncandidate,raw103,ridge,43,1,0.0,0.0,45.0
noncandidate,raw103,ridge,44,1,0.6875000000000001,0.673469387755102,49.0
noncandidate,raw103,ridge,45,1,0.764705882352941,0.8297872340425532,47.0
noncandidate,raw103,ridge,46,1,0.7906976744186046,0.8095238095238095,42.0
noncandidate,raw103,ridge,47,1,0.9312977099236641,0.9384615384615385,65.0
noncandidate,raw103,prototype,0,1,0.8953374633192044,0.827856496834489,6634.0
noncandidate,raw103,prototype,1,1,1.0,1.0,52.0
noncandidate,raw103,prototype,2,1,1.0,1.0,61.0
noncandidate,raw103,prototype,3,1,1.0,1.0,49.0
noncandidate,raw103,prototype,4,1,1.0,1.0,59.0
noncandidate,raw103,prototype,5,1,1.0,1.0,58.0
noncandidate,raw103,prototype,6,1,1.0,1.0,66.0
noncandidate,raw103,prototype,7,1,1.0,1.0,45.0
noncandidate,raw103,prototype,8,1,1.0,1.0,52.0
noncandidate,raw103,prototype,9,1,1.0,1.0,51.0
noncandidate,raw103,prototype,10,1,0.7291666666666667,0.660377358490566,53.0
noncandidate,raw103,prototype,11,1,0.7045454545454547,0.7948717948717948,39.0
noncandidate,raw103,prototype,12,1,0.96,0.9375,64.0
noncandidate,raw103,prototype,13,1,0.9805825242718447,1.0,101.0
noncandidate,raw103,prototype,14,1,0.9828571428571428,0.9662921348314607,89.0
noncandidate,raw103,prototype,15,1,0.88,0.7857142857142857,112.0
noncandidate,raw103,prototype,16,1,0.4571428571428572,0.64,50.0
noncandidate,raw103,prototype,17,1,0.4363636363636364,0.4,60.0
noncandidate,raw103,prototype,18,1,0.24719101123595508,0.28205128205128205,39.0
noncandidate,raw103,prototype,19,1,0.18421052631578946,0.14893617021276595,47.0
noncandidate,raw103,prototype,20,1,0.43416370106761565,1.0,61.0
noncandidate,raw103,prototype,21,1,0.6077348066298343,1.0,55.0
noncandidate,raw103,prototype,22,1,0.3267326732673267,0.6226415094339622,53.0
noncandidate,raw103,prototype,23,1,0.417391304347826,0.7868852459016393,61.0
noncandidate,raw103,prototype,24,1,1.0,1.0,39.0
noncandidate,raw103,prototype,25,1,0.9767441860465117,1.0,63.0
noncandidate,raw103,prototype,26,1,1.0,1.0,45.0
noncandidate,raw103,prototype,27,1,1.0,1.0,53.0
noncandidate,raw103,prototype,28,1,1.0,1.0,53.0
noncandidate,raw103,prototype,29,1,0.9904761904761905,1.0,52.0
noncandidate,raw103,prototype,30,1,0.9919999999999999,1.0,62.0
noncandidate,raw103,prototype,31,1,0.3111111111111111,0.2413793103448276,58.0
noncandidate,raw103,prototype,32,1,0.18666666666666665,0.19444444444444445,36.0
noncandidate,raw103,prototype,33,1,0.08823529411764705,0.07317073170731707,41.0
noncandidate,raw103,prototype,34,1,0.03773584905660377,0.02564102564102564,39.0
noncandidate,raw103,prototype,35,1,0.08333333333333334,0.11538461538461539,26.0
noncandidate,raw103,prototype,36,1,0.2368421052631579,0.25,36.0
noncandidate,raw103,prototype,37,1,0.15151515151515152,0.15625,32.0
noncandidate,raw103,prototype,38,1,0.29213483146067415,0.3170731707317073,41.0
noncandidate,raw103,prototype,39,1,0.3252032520325203,0.6153846153846154,65.0
noncandidate,raw103,prototype,40,1,0.3949044585987261,0.5636363636363636,55.0
noncandidate,raw103,prototype,41,1,0.8947368421052632,0.9107142857142857,56.0
noncandidate,raw103,prototype,42,1,0.3934426229508197,0.6206896551724138,58.0
noncandidate,raw103,prototype,43,1,0.3263598326359833,0.8666666666666667,45.0
noncandidate,raw103,prototype,44,1,0.845360824742268,0.8367346938775511,49.0
noncandidate,raw103,prototype,45,1,0.8421052631578947,0.851063829787234,47.0
noncandidate,raw103,prototype,46,1,0.3125,0.9523809523809523,42.0
noncandidate,raw103,prototype,47,1,0.7294117647058824,0.9538461538461539,65.0
early_late,raw103,ridge,0,1,0.0,0.0,2670.0
early_late,raw103,ridge,1,1,0.054245283018867926,1.0,23.0
early_late,raw103,ridge,2,1,0.9866666666666666,1.0,37.0
early_late,raw103,ridge,3,1,0.0,0.0,34.0
early_late,raw103,ridge,4,1,0.6027397260273972,1.0,44.0
early_late,raw103,ridge,5,1,0.972972972972973,1.0,18.0
early_late,raw103,ridge,6,1,0.4324324324324324,0.27586206896551724,29.0
early_late,raw103,ridge,7,1,0.4752475247524752,1.0,24.0
early_late,raw103,ridge,8,1,0.0,0.0,19.0
early_late,raw103,ridge,9,1,0.4782608695652174,1.0,22.0
early_late,raw103,ridge,10,1,0.18181818181818182,0.3333333333333333,9.0
early_late,raw103,ridge,11,1,0.6511627906976744,0.6666666666666666,21.0
early_late,raw103,ridge,12,1,0.0,0.0,20.0
early_late,raw103,ridge,13,1,0.0,0.0,20.0
early_late,raw103,ridge,14,1,0.0,0.0,49.0
early_late,raw103,ridge,15,1,0.0,0.0,63.0
early_late,raw103,ridge,16,1,0.0,0.0,18.0
early_late,raw103,ridge,17,1,0.2535211267605634,0.2571428571428571,35.0
early_late,raw103,ridge,18,1,0.18181818181818182,0.17857142857142858,28.0
early_late,raw103,ridge,19,1,0.30303030303030304,0.4166666666666667,24.0
early_late,raw103,ridge,20,1,0.020833333333333336,0.125,16.0
early_late,raw103,ridge,21,1,0.11583011583011583,1.0,30.0
early_late,raw103,ridge,22,1,0.175,1.0,21.0
early_late,raw103,ridge,23,1,0.0,0.0,7.0
early_late,raw103,ridge,24,1,0.6896551724137931,1.0,10.0
early_late,raw103,ridge,25,1,0.8,1.0,26.0
early_late,raw103,ridge,26,1,0.7333333333333333,0.8148148148148148,27.0
early_late,raw103,ridge,27,1,0.6666666666666666,1.0,7.0
early_late,raw103,ridge,28,1,0.1285714285714286,1.0,18.0
early_late,raw103,ridge,29,1,0.0,0.0,18.0
early_late,raw103,ridge,30,1,0.32835820895522383,0.28205128205128205,39.0
early_late,raw103,ridge,31,1,0.10526315789473684,0.05555555555555555,18.0
early_late,raw103,ridge,32,1,0.125,0.125,8.0
early_late,raw103,ridge,33,1,0.0,0.0,10.0
early_late,raw103,ridge,34,1,0.1111111111111111,0.07692307692307693,13.0
early_late,raw103,ridge,35,1,0.19999999999999998,0.18181818181818182,11.0
early_late,raw103,ridge,36,1,0.09090909090909091,0.09090909090909091,11.0
early_late,raw103,ridge,37,1,0.16,0.13333333333333333,15.0
early_late,raw103,ridge,38,1,0.2,0.14285714285714285,14.0
early_late,raw103,ridge,39,1,0.13842482100238665,1.0,29.0
early_late,raw103,ridge,40,1,0.0,0.0,20.0
early_late,raw103,ridge,41,1,0.7924528301886793,0.65625,32.0
early_late,raw103,ridge,42,1,0.0,0.0,20.0
early_late,raw103,ridge,43,1,0.0,0.0,18.0
early_late,raw103,ridge,44,1,0.1111111111111111,0.14285714285714285,7.0
early_late,raw103,ridge,45,1,0.6875,0.7333333333333333,15.0
early_late,raw103,ridge,46,1,0.9090909090909091,0.9375,16.0
early_late,raw103,ridge,47,1,0.8749999999999999,0.84,25.0
early_late,raw103,prototype,0,1,0.8919633774160732,0.8209737827715355,2670.0
early_late,raw103,prototype,1,1,1.0,1.0,23.0
early_late,raw103,prototype,2,1,1.0,1.0,37.0
early_late,raw103,prototype,3,1,1.0,1.0,34.0
early_late,raw103,prototype,4,1,1.0,1.0,44.0
early_late,raw103,prototype,5,1,1.0,1.0,18.0
early_late,raw103,prototype,6,1,1.0,1.0,29.0
early_late,raw103,prototype,7,1,1.0,1.0,24.0
early_late,raw103,prototype,8,1,1.0,1.0,19.0
early_late,raw103,prototype,9,1,1.0,1.0,22.0
early_late,raw103,prototype,10,1,0.5454545454545455,0.6666666666666666,9.0
early_late,raw103,prototype,11,1,0.7368421052631577,0.6666666666666666,21.0
early_late,raw103,prototype,12,1,0.9743589743589743,0.95,20.0
early_late,raw103,prototype,13,1,0.8333333333333333,1.0,20.0
early_late,raw103,prototype,14,1,0.9896907216494846,0.9795918367346939,49.0
early_late,raw103,prototype,15,1,0.8440366972477064,0.7301587301587301,63.0
early_late,raw103,prototype,16,1,0.052631578947368425,0.05555555555555555,18.0
early_late,raw103,prototype,17,1,0.34285714285714286,0.34285714285714286,35.0
early_late,raw103,prototype,18,1,0.21428571428571427,0.21428571428571427,28.0
early_late,raw103,prototype,19,1,0.21428571428571427,0.25,24.0
early_late,raw103,prototype,20,1,0.2424242424242424,1.0,16.0
early_late,raw103,prototype,21,1,0.6818181818181819,1.0,30.0
early_late,raw103,prototype,22,1,0.24657534246575344,0.42857142857142855,21.0
early_late,raw103,prototype,23,1,0.21818181818181817,0.8571428571428571,7.0
early_late,raw103,prototype,24,1,1.0,1.0,10.0
early_late,raw103,prototype,25,1,0.9811320754716981,1.0,26.0
early_late,raw103,prototype,26,1,1.0,1.0,27.0
early_late,raw103,prototype,27,1,1.0,1.0,7.0
early_late,raw103,prototype,28,1,1.0,1.0,18.0
early_late,raw103,prototype,29,1,1.0,1.0,18.0
early_late,raw103,prototype,30,1,0.9873417721518987,1.0,39.0
early_late,raw103,prototype,31,1,0.10526315789473684,0.05555555555555555,18.0
early_late,raw103,prototype,32,1,0.35294117647058826,0.375,8.0
early_late,raw103,prototype,33,1,0.11111111111111112,0.1,10.0
early_late,raw103,prototype,34,1,0.1904761904761905,0.15384615384615385,13.0
early_late,raw103,prototype,35,1,0.19999999999999998,0.2727272727272727,11.0
early_late,raw103,prototype,36,1,0.09523809523809525,0.09090909090909091,11.0
early_late,raw103,prototype,37,1,0.125,0.13333333333333333,15.0
early_late,raw103,prototype,38,1,0.08,0.07142857142857142,14.0
early_late,raw103,prototype,39,1,0.26190476190476186,0.3793103448275862,29.0
early_late,raw103,prototype,40,1,0.0975609756097561,0.1,20.0
early_late,raw103,prototype,41,1,0.7441860465116279,1.0,32.0
early_late,raw103,prototype,42,1,0.0,0.0,20.0
early_late,raw103,prototype,43,1,0.1509433962264151,0.4444444444444444,18.0
early_late,raw103,prototype,44,1,0.6,0.42857142857142855,7.0
early_late,raw103,prototype,45,1,0.8823529411764706,1.0,15.0
early_late,raw103,prototype,46,1,0.34782608695652173,1.0,16.0
early_late,raw103,prototype,47,1,0.43137254901960775,0.88,25.0
