fine_label,coarse,class_name,train_samples,train_events,train_candidates,val_samples,val_events,val_candidates,time_batches
0,0,正常,28472,1729,60,6648,401,14,
1,1,交流短路,247,34,0,52,8,0,1
2,1,交流短路,223,34,0,61,8,0,1
3,1,交流短路,200,34,0,49,8,0,1
4,1,交流短路,220,34,0,59,8,0,1
5,1,交流短路,242,34,0,58,8,0,1
6,1,交流短路,223,34,0,66,8,0,1
7,1,交流短路,258,34,0,45,8,0,1
8,1,交流短路,245,34,0,52,8,0,1
9,1,交流短路,233,34,0,51,8,0,1
10,1,交流短路,228,34,0,53,8,0,1
11,1,交流短路,221,34,0,39,8,0,1
12,2,弱电网,273,48,0,64,11,0,2
13,3,相断开,452,70,0,101,15,0,2
14,3,相断开,462,70,0,89,15,0,2
15,3,相断开,482,70,0,112,15,0,2
16,3,相断开,278,44,0,50,9,0,2
17,3,相断开,221,34,0,60,8,0,1
18,3,相断开,248,34,0,39,8,0,1
19,3,相断开,204,34,0,47,8,0,1
20,4,电网电气异常,237,34,0,61,8,0,1
21,4,电网电气异常,219,34,0,55,8,0,1
22,4,电网电气异常,242,34,0,53,8,0,1
23,4,电网电气异常,192,34,0,61,8,0,1
24,4,电网电气异常,233,34,0,39,8,0,1
25,4,电网电气异常,234,34,0,63,8,0,1
26,4,电网电气异常,218,34,0,45,8,0,1
27,4,电网电气异常,228,34,0,53,8,0,1
28,4,电网电气异常,213,34,0,53,8,0,1
29,4,电网电气异常,204,34,0,52,8,0,1
30,4,电网电气异常,213,34,0,62,8,0,1
31,4,电网电气异常,178,34,0,58,8,0,1
32,5,谐波,194,34,73,50,8,14,1
33,5,谐波,229,34,83,59,8,18,1
34,5,谐波,206,34,65,60,8,21,1
35,5,谐波,194,34,68,35,8,9,1
36,5,谐波,224,34,84,58,8,22,1
37,5,谐波,223,34,80,46,8,14,1
38,5,谐波,182,34,57,58,8,17,1
39,6,直流侧故障,214,34,0,65,8,0,1
40,6,直流侧故障,224,34,0,55,8,0,1
41,6,直流侧故障,226,34,0,56,8,0,1
42,6,直流侧故障,209,34,0,58,8,0,1
43,6,直流侧故障,216,34,0,45,8,0,1
44,6,直流侧故障,208,34,0,49,8,0,1
45,6,直流侧故障,225,34,0,47,8,0,1
46,7,IGBT闭锁,239,34,0,42,8,0,1
47,7,IGBT闭锁,231,34,0,65,8,0,1
