view,representation,method,seeds,macro_f1_mean,macro_f1_sample_std,event_macro_f1_mean
raw,mean,ridge,3,0.40220190963015545,0.02242237026867696,0.4255816489754134
raw,mean,prototype,3,0.6154649059697826,0.006773786768671019,0.6476891987310115
raw,concat,ridge,3,0.45973712952354756,0.01697736558439041,0.4924300946782248
raw,concat,prototype,3,0.6270132343294311,0.012413666507508456,0.6616863502150899
noncandidate,mean,ridge,3,0.4131131555541316,0.006586623722950973,0.43502163547125616
noncandidate,mean,prototype,3,0.6141821603076486,0.007685263465261143,0.6453761176731153
noncandidate,concat,ridge,3,0.4853133208740464,0.02176077538948002,0.5173400515806494
noncandidate,concat,prototype,3,0.6262178434526576,0.015461738642229187,0.6598319212202425
early_late,mean,ridge,3,0.39099495373139564,0.008183025481424938,0.40934733678977087
early_late,mean,prototype,3,0.5952172069637163,0.0015700536211142742,0.6089145765107705
early_late,concat,ridge,3,0.44908284155088846,0.019944831668629055,0.479952605474743
early_late,concat,prototype,3,0.6036604225915757,0.020714900484256688,0.6206650210459084
raw,raw103,ridge,1,0.23539339988193775,,0.24872745106668695
raw,raw103,prototype,1,0.6562291523889011,,0.6934765440481311
noncandidate,raw103,ridge,1,0.28730720834516493,,0.3002987055082526
noncandidate,raw103,prototype,1,0.6594633197501575,,0.6923065458454246
early_late,raw103,ridge,1,0.2862089031244344,,0.2866935353937345
early_late,raw103,prototype,1,0.5994456213793476,,0.6240362341875899
