view,representation,method,coarse,oracle_coarse_label,true_fine,predicted_fine,mean_error_samples_per_seed,support_per_seed,mean_error_rate,seeds
raw,mean,prototype,1,True,10,11,5.0,53.0,0.09433962264150944,3
raw,mean,prototype,1,True,11,10,4.0,39.0,0.10256410256410256,3
raw,mean,prototype,3,True,15,16,33.666666666666664,112.0,0.3005952380952381,3
raw,mean,prototype,3,True,15,13,19.666666666666668,112.0,0.1755952380952381,3
raw,mean,prototype,3,True,19,16,18.0,47.0,0.3829787234042553,3
raw,mean,prototype,3,True,17,16,17.666666666666668,60.0,0.29444444444444445,3
raw,mean,prototype,3,True,18,16,16.666666666666668,39.0,0.4273504273504274,3
raw,mean,prototype,4,True,27,26,20.666666666666668,53.0,0.389937106918239,3
raw,mean,prototype,4,True,28,26,19.0,53.0,0.3584905660377358,3
raw,mean,prototype,4,True,27,28,18.0,53.0,0.33962264150943394,3
raw,mean,prototype,4,True,26,28,15.666666666666666,45.0,0.34814814814814815,3
raw,mean,prototype,4,True,23,22,11.666666666666666,61.0,0.1912568306010929,3
raw,mean,prototype,5,True,36,32,24.333333333333332,58.0,0.41954022988505746,3
raw,mean,prototype,5,True,34,32,21.333333333333332,60.0,0.3555555555555555,3
raw,mean,prototype,5,True,38,32,20.0,58.0,0.3448275862068966,3
raw,mean,prototype,5,True,33,32,19.666666666666668,59.00000000000001,0.3333333333333333,3
raw,mean,prototype,5,True,37,32,12.0,46.0,0.2608695652173913,3
raw,mean,prototype,6,True,45,44,30.0,47.0,0.6382978723404256,3
raw,mean,prototype,6,True,42,43,9.666666666666666,58.0,0.16666666666666666,3
raw,mean,prototype,6,True,40,41,6.333333333333333,55.00000000000001,0.11515151515151513,3
raw,mean,prototype,6,True,44,45,5.333333333333333,49.0,0.10884353741496598,3
raw,mean,prototype,6,True,41,40,3.6666666666666665,56.0,0.06547619047619048,3
raw,concat,prototype,1,True,10,11,11.333333333333334,53.0,0.2138364779874214,3
raw,concat,prototype,1,True,11,10,6.0,39.0,0.15384615384615385,3
raw,concat,prototype,3,True,15,16,29.333333333333332,112.0,0.2619047619047619,3
raw,concat,prototype,3,True,15,13,19.666666666666668,112.0,0.1755952380952381,3
raw,concat,prototype,3,True,17,16,18.0,60.0,0.3,3
raw,concat,prototype,3,True,19,16,16.666666666666668,47.0,0.3546099290780142,3
raw,concat,prototype,3,True,19,17,16.333333333333332,47.0,0.3475177304964539,3
raw,concat,prototype,4,True,27,26,23.333333333333332,52.99999999999999,0.44025157232704404,3
raw,concat,prototype,4,True,27,28,13.666666666666666,52.99999999999999,0.2578616352201258,3
raw,concat,prototype,4,True,23,22,12.666666666666666,61.0,0.2076502732240437,3
raw,concat,prototype,4,True,26,28,12.0,45.0,0.26666666666666666,3
raw,concat,prototype,4,True,22,23,7.666666666666667,53.0,0.14465408805031446,3
raw,concat,prototype,5,True,36,32,22.0,57.99999999999999,0.37931034482758624,3
raw,concat,prototype,5,True,38,32,21.0,57.99999999999999,0.36206896551724144,3
raw,concat,prototype,5,True,33,32,19.0,59.0,0.3220338983050847,3
raw,concat,prototype,5,True,34,32,18.333333333333332,60.0,0.3055555555555555,3
raw,concat,prototype,5,True,33,36,11.333333333333334,59.0,0.192090395480226,3
raw,concat,prototype,6,True,45,44,29.333333333333332,47.0,0.624113475177305,3
raw,concat,prototype,6,True,40,41,7.333333333333333,55.0,0.13333333333333333,3
raw,concat,prototype,6,True,42,43,7.0,58.0,0.1206896551724138,3
raw,concat,prototype,6,True,41,40,3.3333333333333335,56.0,0.05952380952380953,3
raw,concat,prototype,6,True,39,40,3.0,65.0,0.046153846153846156,3
noncandidate,mean,prototype,1,True,10,11,5.666666666666667,53.0,0.1069182389937107,3
noncandidate,mean,prototype,1,True,11,10,4.0,39.0,0.10256410256410256,3
noncandidate,mean,prototype,3,True,15,16,33.333333333333336,112.0,0.2976190476190476,3
noncandidate,mean,prototype,3,True,15,13,19.666666666666668,112.0,0.1755952380952381,3
noncandidate,mean,prototype,3,True,19,16,18.0,47.0,0.3829787234042553,3
noncandidate,mean,prototype,3,True,17,16,17.666666666666668,60.0,0.29444444444444445,3
noncandidate,mean,prototype,3,True,18,16,16.333333333333332,39.0,0.41880341880341876,3
noncandidate,mean,prototype,4,True,27,26,20.666666666666668,53.0,0.389937106918239,3
noncandidate,mean,prototype,4,True,28,26,19.0,53.0,0.3584905660377358,3
noncandidate,mean,prototype,4,True,27,28,18.333333333333332,53.0,0.34591194968553457,3
noncandidate,mean,prototype,4,True,26,28,15.666666666666666,45.0,0.34814814814814815,3
noncandidate,mean,prototype,4,True,23,22,11.333333333333334,61.0,0.18579234972677597,3
noncandidate,mean,prototype,5,True,33,32,15.666666666666666,41.0,0.38211382113821135,3
noncandidate,mean,prototype,5,True,34,38,14.666666666666666,39.0,0.37606837606837606,3
noncandidate,mean,prototype,5,True,38,32,12.666666666666666,41.0,0.30894308943089427,3
noncandidate,mean,prototype,5,True,34,32,10.333333333333334,39.0,0.26495726495726496,3
noncandidate,mean,prototype,5,True,35,32,9.666666666666666,26.0,0.37179487179487175,3
noncandidate,mean,prototype,6,True,45,44,29.333333333333332,47.0,0.624113475177305,3
noncandidate,mean,prototype,6,True,42,43,9.0,58.0,0.15517241379310345,3
noncandidate,mean,prototype,6,True,40,41,6.333333333333333,55.0,0.11515151515151514,3
noncandidate,mean,prototype,6,True,44,45,5.333333333333333,49.0,0.10884353741496598,3
noncandidate,mean,prototype,6,True,41,40,3.6666666666666665,56.0,0.06547619047619048,3
noncandidate,concat,prototype,1,True,10,11,10.333333333333334,53.0,0.1949685534591195,3
noncandidate,concat,prototype,1,True,11,10,6.333333333333333,39.0,0.1623931623931624,3
noncandidate,concat,prototype,3,True,15,16,29.0,112.0,0.25892857142857145,3
noncandidate,concat,prototype,3,True,15,13,19.0,112.0,0.16964285714285715,3
noncandidate,concat,prototype,3,True,17,19,17.0,60.0,0.2833333333333333,3
noncandidate,concat,prototype,3,True,17,16,16.333333333333332,60.0,0.2722222222222222,3
noncandidate,concat,prototype,3,True,19,16,15.0,47.0,0.3191489361702128,3
noncandidate,concat,prototype,4,True,27,26,21.0,53.00000000000001,0.3962264150943396,3
noncandidate,concat,prototype,4,True,27,28,13.333333333333334,53.00000000000001,0.25157232704402516,3
noncandidate,concat,prototype,4,True,23,22,12.333333333333334,61.0,0.20218579234972678,3
noncandidate,concat,prototype,4,True,26,28,11.333333333333334,45.0,0.2518518518518519,3
noncandidate,concat,prototype,4,True,22,23,7.666666666666667,53.0,0.14465408805031446,3
noncandidate,concat,prototype,5,True,33,32,11.333333333333334,41.0,0.2764227642276423,3
noncandidate,concat,prototype,5,True,38,32,10.333333333333334,41.00000000000001,0.25203252032520324,3
noncandidate,concat,prototype,5,True,34,32,9.0,38.99999999999999,0.2307692307692308,3
noncandidate,concat,prototype,5,True,38,37,8.333333333333334,41.00000000000001,0.20325203252032517,3
noncandidate,concat,prototype,5,True,37,32,8.333333333333334,32.0,0.2604166666666667,3
noncandidate,concat,prototype,6,True,45,44,28.0,47.0,0.5957446808510638,3
noncandidate,concat,prototype,6,True,40,41,7.333333333333333,55.0,0.13333333333333333,3
noncandidate,concat,prototype,6,True,42,43,7.0,58.0,0.1206896551724138,3
noncandidate,concat,prototype,6,True,41,40,3.3333333333333335,56.0,0.05952380952380953,3
noncandidate,concat,prototype,6,True,44,45,3.0,49.0,0.061224489795918366,3
early_late,mean,prototype,1,True,11,10,7.0,21.0,0.3333333333333333,3
early_late,mean,prototype,1,True,10,11,1.6666666666666667,9.0,0.1851851851851852,3
early_late,mean,prototype,3,True,15,16,18.0,63.0,0.2857142857142857,3
early_late,mean,prototype,3,True,17,19,15.0,35.0,0.42857142857142855,3
early_late,mean,prototype,3,True,14,13,12.333333333333334,49.0,0.25170068027210885,3
early_late,mean,prototype,3,True,15,13,11.333333333333334,63.0,0.1798941798941799,3
early_late,mean,prototype,3,True,18,16,11.0,28.0,0.39285714285714285,3
early_late,mean,prototype,4,True,26,28,10.0,27.0,0.37037037037037035,3
early_late,mean,prototype,4,True,22,23,9.333333333333334,21.0,0.4444444444444445,3
early_late,mean,prototype,4,True,28,26,5.666666666666667,18.0,0.3148148148148148,3
early_late,mean,prototype,4,True,31,20,4.333333333333333,18.0,0.24074074074074073,3
early_late,mean,prototype,4,True,26,27,3.0,27.0,0.1111111111111111,3
early_late,mean,prototype,5,True,37,36,4.666666666666667,14.999999999999998,0.31111111111111117,3
early_late,mean,prototype,5,True,37,35,4.0,14.999999999999998,0.2666666666666667,3
early_late,mean,prototype,5,True,34,35,4.0,13.0,0.3076923076923077,3
early_late,mean,prototype,5,True,36,37,3.6666666666666665,10.999999999999998,0.33333333333333337,3
early_late,mean,prototype,5,True,38,33,3.3333333333333335,14.0,0.2380952380952381,3
early_late,mean,prototype,6,True,42,43,19.666666666666668,20.0,0.9833333333333334,3
early_late,mean,prototype,6,True,40,41,16.0,20.0,0.8,3
early_late,mean,prototype,6,True,39,40,6.666666666666667,29.0,0.22988505747126436,3
early_late,mean,prototype,6,True,45,44,2.6666666666666665,15.0,0.17777777777777776,3
early_late,mean,prototype,6,True,44,45,0.3333333333333333,7.0,0.047619047619047616,3
early_late,concat,prototype,1,True,11,10,8.0,21.0,0.38095238095238093,3
early_late,concat,prototype,1,True,10,11,3.6666666666666665,9.0,0.4074074074074074,3
early_late,concat,prototype,3,True,15,16,14.333333333333334,63.0,0.22751322751322753,3
early_late,concat,prototype,3,True,17,19,12.666666666666666,35.0,0.3619047619047619,3
early_late,concat,prototype,3,True,14,13,12.0,49.0,0.24489795918367346,3
early_late,concat,prototype,3,True,18,16,10.333333333333334,28.000000000000004,0.369047619047619,3
early_late,concat,prototype,3,True,17,18,10.0,35.0,0.2857142857142857,3
early_late,concat,prototype,4,True,22,23,9.333333333333334,21.0,0.4444444444444445,3
early_late,concat,prototype,4,True,26,28,7.0,27.0,0.25925925925925924,3
early_late,concat,prototype,4,True,27,26,3.3333333333333335,7.0,0.4761904761904762,3
early_late,concat,prototype,4,True,26,27,3.0,27.0,0.1111111111111111,3
early_late,concat,prototype,4,True,28,26,2.3333333333333335,18.0,0.12962962962962965,3
early_late,concat,prototype,5,True,37,36,4.666666666666667,15.000000000000002,0.3111111111111111,3
early_late,concat,prototype,5,True,36,37,4.0,10.999999999999998,0.3636363636363637,3
early_late,concat,prototype,5,True,38,37,3.6666666666666665,14.0,0.2619047619047619,3
early_late,concat,prototype,5,True,34,35,3.3333333333333335,13.0,0.25641025641025644,3
early_late,concat,prototype,5,True,38,35,2.6666666666666665,14.0,0.19047619047619047,3
early_late,concat,prototype,6,True,42,43,20.0,20.0,1.0,3
early_late,concat,prototype,6,True,40,41,16.333333333333332,20.0,0.8166666666666667,3
early_late,concat,prototype,6,True,39,40,6.0,29.0,0.20689655172413793,3
early_late,concat,prototype,6,True,45,44,1.6666666666666667,15.0,0.11111111111111112,3
early_late,concat,prototype,6,True,44,45,0.3333333333333333,7.0,0.047619047619047616,3
raw,raw103,prototype,1,True,10,11,18.0,53.0,0.33962264150943394,1
raw,raw103,prototype,1,True,11,10,8.0,39.0,0.20512820512820512,1
raw,raw103,prototype,3,True,15,16,28.0,112.0,0.25,1
raw,raw103,prototype,3,True,17,19,17.0,60.0,0.2833333333333333,1
raw,raw103,prototype,3,True,19,17,16.0,47.0,0.3404255319148936,1
raw,raw103,prototype,3,True,18,19,12.0,39.0,0.3076923076923077,1
raw,raw103,prototype,3,True,18,16,12.0,39.0,0.3076923076923077,1
raw,raw103,prototype,4,True,22,23,7.0,53.0,0.1320754716981132,1
raw,raw103,prototype,4,True,23,22,6.0,61.0,0.09836065573770492,1
raw,raw103,prototype,4,True,28,26,4.0,53.0,0.07547169811320754,1
raw,raw103,prototype,4,True,31,25,3.0,58.0,0.05172413793103448,1
raw,raw103,prototype,4,True,31,29,2.0,58.0,0.034482758620689655,1
raw,raw103,prototype,5,True,34,32,17.0,60.0,0.2833333333333333,1
raw,raw103,prototype,5,True,36,32,14.0,58.0,0.2413793103448276,1
raw,raw103,prototype,5,True,36,38,13.0,58.0,0.22413793103448276,1
raw,raw103,prototype,5,True,38,32,12.0,58.0,0.20689655172413793,1
raw,raw103,prototype,5,True,38,37,11.0,58.0,0.1896551724137931,1
raw,raw103,prototype,6,True,44,45,8.0,49.0,0.16326530612244897,1
raw,raw103,prototype,6,True,45,44,7.0,47.0,0.14893617021276595,1
raw,raw103,prototype,6,True,42,43,5.0,58.0,0.08620689655172414,1
raw,raw103,prototype,6,True,41,40,4.0,56.0,0.07142857142857142,1
raw,raw103,prototype,6,True,40,39,3.0,55.0,0.05454545454545454,1
noncandidate,raw103,prototype,1,True,10,11,18.0,53.0,0.33962264150943394,1
noncandidate,raw103,prototype,1,True,11,10,8.0,39.0,0.20512820512820512,1
noncandidate,raw103,prototype,3,True,15,16,20.0,112.0,0.17857142857142858,1
noncandidate,raw103,prototype,3,True,19,17,16.0,47.0,0.3404255319148936,1
noncandidate,raw103,prototype,3,True,17,18,16.0,60.0,0.26666666666666666,1
noncandidate,raw103,prototype,3,True,19,18,13.0,47.0,0.2765957446808511,1
noncandidate,raw103,prototype,3,True,18,16,13.0,39.0,0.3333333333333333,1
noncandidate,raw103,prototype,4,True,22,23,7.0,53.0,0.1320754716981132,1
noncandidate,raw103,prototype,4,True,23,22,6.0,61.0,0.09836065573770492,1
noncandidate,raw103,prototype,4,True,31,25,3.0,58.0,0.05172413793103448,1
noncandidate,raw103,prototype,4,True,31,29,2.0,58.0,0.034482758620689655,1
noncandidate,raw103,prototype,4,True,31,30,1.0,58.0,0.017241379310344827,1
noncandidate,raw103,prototype,5,True,33,35,11.0,41.0,0.2682926829268293,1
noncandidate,raw103,prototype,5,True,38,32,10.0,41.0,0.24390243902439024,1
noncandidate,raw103,prototype,5,True,34,35,10.0,39.0,0.2564102564102564,1
noncandidate,raw103,prototype,5,True,34,32,9.0,39.0,0.23076923076923078,1
noncandidate,raw103,prototype,5,True,36,38,8.0,36.0,0.2222222222222222,1
noncandidate,raw103,prototype,6,True,44,45,8.0,49.0,0.16326530612244897,1
noncandidate,raw103,prototype,6,True,45,44,7.0,47.0,0.14893617021276595,1
noncandidate,raw103,prototype,6,True,42,43,4.0,58.0,0.06896551724137931,1
noncandidate,raw103,prototype,6,True,41,40,4.0,56.0,0.07142857142857142,1
noncandidate,raw103,prototype,6,True,40,39,3.0,55.0,0.05454545454545454,1
early_late,raw103,prototype,1,True,11,10,7.0,21.0,0.3333333333333333,1
early_late,raw103,prototype,1,True,10,11,3.0,9.0,0.3333333333333333,1
early_late,raw103,prototype,3,True,19,17,12.0,24.0,0.5,1
early_late,raw103,prototype,3,True,17,19,12.0,35.0,0.34285714285714286,1
early_late,raw103,prototype,3,True,17,18,11.0,35.0,0.3142857142857143,1
early_late,raw103,prototype,3,True,15,16,9.0,63.0,0.14285714285714285,1
early_late,raw103,prototype,3,True,18,17,8.0,28.0,0.2857142857142857,1
early_late,raw103,prototype,4,True,22,23,12.0,21.0,0.5714285714285714,1
early_late,raw103,prototype,4,True,31,30,1.0,18.0,0.05555555555555555,1
early_late,raw103,prototype,4,True,31,29,1.0,18.0,0.05555555555555555,1
early_late,raw103,prototype,4,True,31,25,1.0,18.0,0.05555555555555555,1
early_late,raw103,prototype,4,True,31,24,1.0,18.0,0.05555555555555555,1
early_late,raw103,prototype,5,True,38,37,5.0,14.0,0.35714285714285715,1
early_late,raw103,prototype,5,True,35,37,5.0,11.0,0.45454545454545453,1
early_late,raw103,prototype,5,True,34,35,4.0,13.0,0.3076923076923077,1
early_late,raw103,prototype,5,True,38,35,3.0,14.0,0.21428571428571427,1
early_late,raw103,prototype,5,True,37,38,3.0,15.0,0.2,1
early_late,raw103,prototype,6,True,42,43,20.0,20.0,1.0,1
early_late,raw103,prototype,6,True,40,41,15.0,20.0,0.75,1
early_late,raw103,prototype,6,True,39,40,5.0,29.0,0.1724137931034483,1
early_late,raw103,prototype,6,True,44,45,4.0,7.0,0.5714285714285714,1
