target,view,reference,variant,method,repeats,mean_difference,ci95_low,ci95_high
coarse8,raw,current_stats,current_stats_spectrum,ridge,200,0.08404856673304362,0.06369574902443416,0.10347807519322479
coarse8,raw,current_stats_time,current_stats_time_spectrum,ridge,200,0.043745305346169584,0.03405424982093612,0.053120920635592685
coarse8,raw,multisource_time,multisource_time_spectrum,ridge,200,0.05760597939911667,0.03948282484221738,0.08252163190297179
coarse8,raw,multisource_time,multisource_time_spectrum,prototype,200,0.008791051033234555,0.005467603372752672,0.01300042773594063
harmonic7,raw,current_stats,current_stats_spectrum,ridge,200,0.058691508245151874,0.017584488673072548,0.09912257748465107
harmonic7,raw,current_stats_time,current_stats_time_spectrum,ridge,200,0.014953108318750782,-0.018023119137166314,0.04794507602090562
harmonic7,raw,multisource_time,multisource_time_spectrum,ridge,200,-0.006506487720928946,-0.047213751873869794,0.036052469384798114
harmonic7,raw,multisource_time,multisource_time_spectrum,prototype,200,0.006348715363795305,-0.023785100320607717,0.033056425431564104
coarse8,noncandidate,current_stats,current_stats_spectrum,ridge,200,0.0861772681027551,0.06741393091091218,0.10364897679584781
coarse8,noncandidate,current_stats_time,current_stats_time_spectrum,ridge,200,0.024793138277399648,0.008082141924500153,0.04072882943743698
coarse8,noncandidate,multisource_time,multisource_time_spectrum,ridge,200,0.07421325726490564,0.052800835134535505,0.1005645477385301
coarse8,noncandidate,multisource_time,multisource_time_spectrum,prototype,200,0.0021330702028962787,-0.00039895875872449077,0.004771313102778217
harmonic7,noncandidate,current_stats,current_stats_spectrum,ridge,200,0.0437142383228844,0.0015895084191575592,0.08976529994799351
harmonic7,noncandidate,current_stats_time,current_stats_time_spectrum,ridge,200,-0.009637325435621607,-0.039957375078183005,0.024650933193903803
harmonic7,noncandidate,multisource_time,multisource_time_spectrum,ridge,200,-0.05037891780378562,-0.09861470339060187,-0.005964581936810701
harmonic7,noncandidate,multisource_time,multisource_time_spectrum,prototype,200,0.029170075015088264,-0.009387090167601753,0.06485129449654536
coarse8,early_late,current_stats,current_stats_spectrum,ridge,200,0.08679537951558008,0.05770510609369075,0.11862048139053538
coarse8,early_late,current_stats_time,current_stats_time_spectrum,ridge,200,0.0013916384049516826,-0.04532827432210571,0.03144229116865124
coarse8,early_late,multisource_time,multisource_time_spectrum,ridge,200,0.05307099176502719,0.03323660646983412,0.0770717530799805
coarse8,early_late,multisource_time,multisource_time_spectrum,prototype,200,-0.0011761851045507421,-0.004325149031758638,0.0014157642903414988
harmonic7,early_late,current_stats,current_stats_spectrum,ridge,200,0.03398835711742059,-0.029215507628543896,0.08840465571587393
harmonic7,early_late,current_stats_time,current_stats_time_spectrum,ridge,200,-0.030655596719071445,-0.09634346864440817,0.047536416744305636
harmonic7,early_late,multisource_time,multisource_time_spectrum,ridge,200,-0.019479972995504854,-0.08992120753038062,0.03774164932006864
harmonic7,early_late,multisource_time,multisource_time_spectrum,prototype,200,-0.04525737581951971,-0.07315077377594774,-0.006918620571217723
