fine_label,events,first_block,last_block
12,18,0,19
13,41,21,69
14,46,70,119
15,44,120,169
16,42,170,219
17,42,221,269
18,42,270,318
19,42,321,368
20,42,370,419
21,42,420,469
22,42,470,519
23,42,520,569
24,42,570,619
25,42,620,669
26,42,670,719
27,42,720,768
28,42,770,819
29,42,820,869
30,42,871,919
31,42,920,969
32,42,970,1019
33,42,1020,1069
34,42,1070,1119
35,42,1120,1169
36,42,1170,1219
37,42,1222,1269
38,42,1270,1319
39,42,1320,1368
40,42,1370,1419
41,42,1420,1469
42,42,1470,1519
43,42,1520,1569
44,42,1570,1618
45,42,1620,1669
46,42,1670,1719
47,42,1720,1768
1,42,1770,1819
2,42,1820,1869
3,42,1870,1919
4,42,1920,1969
5,42,1970,2019
6,42,2020,2069
7,42,2070,2119
8,42,2120,2169
9,42,2170,2219
10,42,2220,2269
11,42,2270,2319
12,41,2320,2369
13,44,2370,2419
14,39,2420,2468
15,41,2470,2519
16,11,2520,2531
