split,fine_label,candidate,samples,current_channel,mean_energy_bins_2_to_10,median_bin1_share,bin1_q25,bin1_q75
train,0,False,28412,0,0.0017817174214911358,0.998173219380146,0.9975931726225578,0.998719405839894
train,0,False,28412,1,0.0015516625168517928,0.9984853012730117,0.998087758320878,0.9987010549536735
train,0,False,28412,2,0.001645313920750735,0.998380887576896,0.9981018032237714,0.9985503136533357
train,0,True,60,0,0.9290078270352529,0.03518090533462369,0.015221671039910048,0.08505201136446243
train,0,True,60,1,0.8892319180805952,0.08471450853299639,0.04006818772006438,0.1646054016848799
train,0,True,60,2,0.8901312057972777,0.08226271505047557,0.026678706945986966,0.15733449292918927
train,32,False,121,0,0.5914035481990241,0.47401935043337384,0.19455680273269005,0.5361288483410126
train,32,False,121,1,0.5822591033185209,0.46765756023642074,0.20159695011013348,0.562835485320513
train,32,False,121,2,0.5777705027434484,0.4100953004092522,0.16600938993803033,0.5879371062889786
train,32,True,73,0,0.680352779304241,0.3432684915004224,0.09038614472564079,0.5270409480358498
train,32,True,73,1,0.6661778368979396,0.3645044050815122,0.09029741160039582,0.5275006931997166
train,32,True,73,2,0.5957871370550593,0.5012408234654309,0.2542459036950917,0.5822437469245977
train,33,False,146,0,0.5344900724336982,0.5154329700445252,0.22142717497596895,0.6482796344775978
train,33,False,146,1,0.5268593584383527,0.5327938381897526,0.26636394805628966,0.6186423438138782
train,33,False,146,2,0.5383212497204921,0.4098192854391653,0.15803444537347835,0.7339442377816348
train,33,True,83,0,0.6447969341451371,0.3188175061679254,0.09541530081001896,0.5415661506287308
train,33,True,83,1,0.6327667127347925,0.4021307875208642,0.12892287872267033,0.5414465871205938
train,33,True,83,2,0.5996039219992706,0.4416459880803053,0.20779719237978944,0.5823457613645064
train,34,False,141,0,0.5824917821857394,0.4569044827638314,0.22551288808506406,0.5411836919551991
train,34,False,141,1,0.568908798518571,0.4771879300966936,0.2246756584751637,0.565186793220608
train,34,False,141,2,0.5613621284532937,0.47730213855155407,0.15607958744404318,0.6403732308733436
train,34,True,65,0,0.6910551480078426,0.3132487415821304,0.04622551412129717,0.5341593336700413
train,34,True,65,1,0.6567170902926011,0.378766116714571,0.11172237802106581,0.5370539716881699
train,34,True,65,2,0.6195675310752156,0.4880663804237655,0.11925593652401946,0.5825422240508656
train,35,False,126,0,0.57248042929653,0.44852672533844595,0.2474743351933352,0.54864204004597
train,35,False,126,1,0.5943148778366242,0.41443730218445884,0.15459295398063733,0.5772087437398611
train,35,False,126,2,0.631909573347231,0.32063593128819545,0.13233409937138713,0.5348823097731482
train,35,True,68,0,0.6548314606339272,0.373976211489502,0.10072823767302445,0.5314803331401878
train,35,True,68,1,0.6015915871034487,0.4442388473813347,0.21197927434727737,0.5501471795644719
train,35,True,68,2,0.6296839886149503,0.3360224798899826,0.13983240789161247,0.5359150731782755
train,36,False,140,0,0.5438464107026668,0.5117596361549137,0.21736379965354102,0.6346539504702527
train,36,False,140,1,0.5726912254933959,0.4755115331851495,0.21610027058169795,0.5853751492564133
train,36,False,140,2,0.5604529081952615,0.4515198523865607,0.20959596368542177,0.5966712460469709
train,36,True,84,0,0.6575800607607282,0.30128541792843566,0.06948200107036694,0.5813076500653981
train,36,True,84,1,0.6166427442371953,0.4336656803599477,0.12071453434889293,0.5593298147193695
train,36,True,84,2,0.6174074880948888,0.3873145562065515,0.21036593981170604,0.5740959797786402
train,37,False,143,0,0.5477913322005334,0.5143038879611241,0.2576714361012319,0.6148801955819598
train,37,False,143,1,0.5915420075718973,0.4788446700839194,0.1414741538643739,0.5862175231908304
train,37,False,143,2,0.5651545167214446,0.42209468235381714,0.14949056052967002,0.6299543827283947
train,37,True,80,0,0.6851462474670864,0.2643731782765151,0.10024015028799763,0.5346250519952792
train,37,True,80,1,0.6811393643350372,0.2644243729723831,0.09046765057470076,0.5362625234720559
train,37,True,80,2,0.5929937631457776,0.4589163509591928,0.25903968246525955,0.5568115842357415
train,38,False,125,0,0.5710198351869562,0.4847389822762589,0.2267841299614968,0.5651406527749673
train,38,False,125,1,0.6159080546775686,0.38501561335303663,0.16614301724473704,0.5469612571874392
train,38,False,125,2,0.6188066363994673,0.35313532022404953,0.13965645309290228,0.5648095211901162
train,38,True,57,0,0.6734231603012667,0.2806734959694133,0.0863463073715386,0.5296816912457017
train,38,True,57,1,0.6975423863023948,0.2380571712322023,0.12954117821775807,0.5273651111862718
train,38,True,57,2,0.6206178697672373,0.39402105933157394,0.1418159693843296,0.562998231432844
val,0,False,6634,0,0.0017847147554808096,0.9981652459605332,0.9975928032661736,0.9987241778140613
val,0,False,6634,1,0.0015357200626255896,0.9984869826636548,0.9981336651621586,0.9987066919526546
val,0,False,6634,2,0.0016434749442014729,0.9983810651420677,0.9980908249095354,0.9985468597143281
val,0,True,14,0,0.9669965709487084,0.02657231256483833,0.018757907940621765,0.044142904556726606
val,0,True,14,1,0.8912524039115369,0.08903665910551165,0.03175006250319138,0.1647129401600678
val,0,True,14,2,0.9412378153181115,0.04961908755365495,0.03956474883239944,0.06365212072440438
val,32,False,36,0,0.523847331524173,0.5110075003675105,0.3224239085159587,0.6145200529539392
val,32,False,36,1,0.5423159935109301,0.4956350353754899,0.2612465800021997,0.6142740790680525
val,32,False,36,2,0.5401686341296585,0.5043737567236005,0.16981937259838792,0.6938841639353244
val,32,True,14,0,0.638874169843757,0.43400167015898217,0.1461471528831511,0.5515060680725945
val,32,True,14,1,0.6500733864943544,0.3485011546373651,0.12574752891286725,0.5350660743503184
val,32,True,14,2,0.5298299000172351,0.5328247579729779,0.4166208238603251,0.5536127578527946
val,33,False,41,0,0.5279380240272052,0.5223059718993014,0.2137412047753932,0.659763712704091
val,33,False,41,1,0.5614362604051362,0.44845592178614335,0.16565553346477405,0.6765389927157265
val,33,False,41,2,0.5413276552887856,0.4577847874253002,0.2131618486033333,0.7038890671913887
val,33,True,18,0,0.6302811170245377,0.35611050410719836,0.0864657713420478,0.5646421223504182
val,33,True,18,1,0.5738561011576937,0.5155627043382819,0.11082754458846755,0.6172608676368394
val,33,True,18,2,0.6747136172293415,0.31730032502086186,0.09597495030515524,0.5494989868548201
val,34,False,39,0,0.5479741654520817,0.46713191291399736,0.15109068601950798,0.5712828246999277
val,34,False,39,1,0.5196653487630708,0.4696894879746352,0.2458880989315373,0.725497992313842
val,34,False,39,2,0.5079664047387452,0.5289706048695145,0.19712030808999673,0.754155444672903
val,34,True,21,0,0.7173112104929509,0.22554831684656737,0.15805271085799535,0.43084629314223355
val,34,True,21,1,0.6061193477425109,0.478183541779199,0.2244981835741837,0.571780700511248
val,34,True,21,2,0.6049653996007951,0.51314930202258,0.10593815864466458,0.5916116858761483
val,35,False,26,0,0.5880771272063868,0.40715660307393825,0.1810690941066314,0.5396095393616975
val,35,False,26,1,0.5583475957387167,0.49091262412922376,0.16058744285484017,0.6788356314123513
val,35,False,26,2,0.6342809477614992,0.40397233402059807,0.13464031188786116,0.5458041637051946
val,35,True,9,0,0.5300699532620148,0.5288083280833105,0.30629116141217255,0.550116279335511
val,35,True,9,1,0.46133626241905923,0.5548548466832417,0.5312006689013887,0.57383465929645
val,35,True,9,2,0.40048479013611304,0.5666316102632251,0.504392484672292,0.7046553029510936
val,36,False,36,0,0.6195965415519091,0.3801447802501774,0.1864971128251423,0.5301973404967253
val,36,False,36,1,0.5899259617612487,0.4819805240045105,0.19147560897136262,0.5497634600434298
val,36,False,36,2,0.5881388616295473,0.45099967163252275,0.134304799649208,0.5670332276316976
val,36,True,22,0,0.7497707669530875,0.21889327546844387,0.05199063698473111,0.4233702512482303
val,36,True,22,1,0.6442606196756453,0.41046484088605895,0.06805258455482766,0.5595708370703245
val,36,True,22,2,0.6777526415818169,0.2631905685803144,0.0622736652820633,0.5662948785342108
val,37,False,32,0,0.5725876548397848,0.5197819029020916,0.23556105133969668,0.536843252998151
val,37,False,32,1,0.5282422657059463,0.5344376251287924,0.3137221219269136,0.5489443305513737
val,37,False,32,2,0.486489094154956,0.5269981938048763,0.3199000881949021,0.6521703270916166
val,37,True,14,0,0.754695658255463,0.17640683502027138,0.11524343752203753,0.3094574987454085
val,37,True,14,1,0.792976589286409,0.16377464394069613,0.05269910137545665,0.22647726066691432
val,37,True,14,2,0.5848207337500939,0.505666404525449,0.24365653175764604,0.5695003803853811
val,38,False,41,0,0.6319023314295468,0.42312367429437236,0.12387211478468603,0.5421269674602672
val,38,False,41,1,0.6348607356796803,0.3810911061703657,0.13067627805030077,0.5357769053449059
val,38,False,41,2,0.6860696968102074,0.20779329544536912,0.148806714824217,0.5135023836398861
val,38,True,17,0,0.5584455761915161,0.49692945001597294,0.2577250554582108,0.693953005517883
val,38,True,17,1,0.4993989751836023,0.5438847138888456,0.3617090832618194,0.6815946589552986
val,38,True,17,2,0.6270116967242007,0.35821504538340904,0.276560472366796,0.4863651694274753
