id,target,view,method,representation,dimensions,train_samples,val_samples,macro_f1,accuracy,event_macro_f1
fine48_raw_mean_seed42_ridge,fine48,raw,ridge,mean_seed42,64,39687,9298,0.37915554304369126,0.1599268659926866,0.40011331014252044
fine48_raw_mean_seed42_prototype,fine48,raw,prototype,mean_seed42,64,39687,9298,0.607664932634628,0.8175951817595182,0.6380438148743139
fine48_raw_concat_seed42_ridge,fine48,raw,ridge,concat_seed42,192,39687,9298,0.46083333125474996,0.20187137018713702,0.48860662121093296
fine48_raw_concat_seed42_prototype,fine48,raw,prototype,concat_seed42,192,39687,9298,0.6209867020905983,0.8224349322434932,0.6532668003982637
fine48_noncandidate_mean_seed42_ridge,fine48,noncandidate,ridge,mean_seed42,64,39117,9169,0.4068718054134461,0.17319227832915257,0.42405125273015914
fine48_noncandidate_mean_seed42_prototype,fine48,noncandidate,prototype,mean_seed42,64,39117,9169,0.6053601587242986,0.8253899007525357,0.635668759306219
fine48_noncandidate_concat_seed42_ridge,fine48,noncandidate,ridge,concat_seed42,192,39117,9169,0.46810194393776694,0.3009052241247682,0.490797602590556
fine48_noncandidate_concat_seed42_prototype,fine48,noncandidate,prototype,concat_seed42,192,39117,9169,0.6241862460446618,0.8320427527538444,0.6543057195695147
fine48_early_late_mean_seed42_ridge,fine48,early_late,ridge,mean_seed42,64,24438,3708,0.3845809315239106,0.18042071197411003,0.4060570616207208
fine48_early_late_mean_seed42_prototype,fine48,early_late,prototype,mean_seed42,64,24438,3708,0.5969570612648623,0.8228155339805825,0.6191822286434744
fine48_early_late_concat_seed42_ridge,fine48,early_late,ridge,concat_seed42,192,24438,3708,0.43234060843179356,0.3112189859762675,0.4625579862622347
fine48_early_late_concat_seed42_prototype,fine48,early_late,prototype,concat_seed42,192,24438,3708,0.6042960750120573,0.8360302049622438,0.6223795478188147
fine48_raw_raw103_ridge,fine48,raw,ridge,raw103,103,39687,9298,0.23539339988193775,0.11303506130350613,0.24872745106668695
fine48_raw_raw103_prototype,fine48,raw,prototype,raw103,103,39687,9298,0.6562291523889011,0.8030759303075931,0.6934765440481311
fine48_noncandidate_raw103_ridge,fine48,noncandidate,ridge,raw103,103,39117,9169,0.28730720834516493,0.12487730395899226,0.3002987055082526
fine48_noncandidate_raw103_prototype,fine48,noncandidate,prototype,raw103,103,39117,9169,0.6594633197501575,0.8135020176682299,0.6923065458454246
fine48_early_late_raw103_ridge,fine48,early_late,ridge,raw103,103,24438,3708,0.2862089031244344,0.1272923408845739,0.2866935353937345
fine48_early_late_raw103_prototype,fine48,early_late,prototype,raw103,103,24438,3708,0.5994456213793476,0.7953074433656958,0.6240362341875899
fine48_raw_mean_seed123_ridge,fine48,raw,ridge,mean_seed123,64,39687,9298,0.42394328399800435,0.17304796730479674,0.45167094753193676
fine48_raw_mean_seed123_prototype,fine48,raw,prototype,mean_seed123,64,39687,9298,0.6188604135341472,0.8213594321359432,0.6555197860604342
fine48_raw_concat_seed123_ridge,fine48,raw,ridge,concat_seed123,192,39687,9298,0.47613983095487106,0.4502043450204345,0.5128663484873432
fine48_raw_concat_seed123_prototype,fine48,raw,prototype,concat_seed123,192,39687,9298,0.6412897059446364,0.8250161325016132,0.6797206007125486
fine48_noncandidate_mean_seed123_ridge,fine48,noncandidate,ridge,mean_seed123,64,39117,9169,0.4199978409039189,0.1774457410840877,0.44894405133420795
fine48_noncandidate_mean_seed123_prototype,fine48,noncandidate,prototype,mean_seed123,64,39117,9169,0.6177610009116169,0.8292071109172211,0.6517321300108846
fine48_noncandidate_concat_seed123_ridge,fine48,noncandidate,ridge,concat_seed123,192,39117,9169,0.5097732744944844,0.5263387501363289,0.5508192363870025
fine48_noncandidate_concat_seed123_prototype,fine48,noncandidate,prototype,concat_seed123,192,39117,9169,0.642594951372327,0.8314974370160323,0.6791904878173729
fine48_early_late_mean_seed123_ridge,fine48,early_late,ridge,mean_seed123,64,24438,3708,0.4002108869823345,0.17772384034519956,0.417017481771331
fine48_early_late_mean_seed123_prototype,fine48,early_late,prototype,mean_seed123,64,24438,3708,0.5947885831456278,0.825782092772384,0.6044456198960538
fine48_early_late_concat_seed123_ridge,fine48,early_late,ridge,concat_seed123,192,24438,3708,0.4711495607963114,0.5374865156418555,0.5044780807666037
fine48_early_late_concat_seed123_prototype,fine48,early_late,prototype,concat_seed123,192,24438,3708,0.6240501810201313,0.8271305285868392,0.6421293889911347
fine48_raw_mean_seed2026_ridge,fine48,raw,ridge,mean_seed2026,64,39687,9298,0.40350690184877075,0.17358571735857173,0.42496068925178293
fine48_raw_mean_seed2026_prototype,fine48,raw,prototype,mean_seed2026,64,39687,9298,0.619869371740573,0.8174876317487632,0.6495039952582865
fine48_raw_concat_seed2026_ridge,fine48,raw,ridge,concat_seed2026,192,39687,9298,0.4422382263610218,0.34717143471714346,0.47581731433639823
fine48_raw_concat_seed2026_prototype,fine48,raw,prototype,concat_seed2026,192,39687,9298,0.6187632949530587,0.807270380727038,0.6520716495344576
fine48_noncandidate_mean_seed2026_ridge,fine48,noncandidate,ridge,mean_seed2026,64,39117,9169,0.4124698203450297,0.16970225760715454,0.43206960234940145
fine48_noncandidate_mean_seed2026_prototype,fine48,noncandidate,prototype,mean_seed2026,64,39117,9169,0.6194253212870305,0.8250627113098484,0.6487274637022424
fine48_noncandidate_concat_seed2026_ridge,fine48,noncandidate,ridge,concat_seed2026,192,39117,9169,0.47806474418988776,0.4474860944486858,0.5104033157643898
fine48_noncandidate_concat_seed2026_prototype,fine48,noncandidate,prototype,concat_seed2026,192,39117,9169,0.6118723329409842,0.8139382702584796,0.6459995562738401
fine48_early_late_mean_seed2026_ridge,fine48,early_late,ridge,mean_seed2026,64,24438,3708,0.38819304268794186,0.17583603020496225,0.40496746697726066
fine48_early_late_mean_seed2026_prototype,fine48,early_late,prototype,mean_seed2026,64,24438,3708,0.5939059764806588,0.8236245954692557,0.6031158809927832
fine48_early_late_concat_seed2026_ridge,fine48,early_late,ridge,concat_seed2026,192,24438,3708,0.4437583554245603,0.48894282632146707,0.4728217493953906
fine48_early_late_concat_seed2026_prototype,fine48,early_late,prototype,concat_seed2026,192,24438,3708,0.5826350117425388,0.8160733549083063,0.5974861263277758
coarse8_raw_current_stats_ridge,coarse8,raw,ridge,current_stats,12,39687,9298,0.2786631779660542,0.14443966444396644,0.3224652975518746
coarse8_raw_current_time_shape_ridge,coarse8,raw,ridge,current_time_shape,60,39687,9298,0.2902711708162501,0.16218541621854163,0.33822972106846094
coarse8_raw_current_time_shape_prototype,coarse8,raw,prototype,current_time_shape,60,39687,9298,0.7772505010810549,0.8337276833727684,0.8316058510560158
coarse8_raw_current_spectrum_ridge,coarse8,raw,ridge,current_spectrum,30,39687,9298,0.45071264755039137,0.1492794149279415,0.45659338684391526
coarse8_raw_current_spectrum_prototype,coarse8,raw,prototype,current_spectrum,30,39687,9298,0.7828190999582261,0.803936330393633,0.842216919709516
coarse8_raw_current_stats_time_ridge,coarse8,raw,ridge,current_stats_time,72,39687,9298,0.36276534532458526,0.18638416863841686,0.41620999941943815
coarse8_raw_current_stats_spectrum_ridge,coarse8,raw,ridge,current_stats_spectrum,42,39687,9298,0.364235463129309,0.18197461819746183,0.4139860723986073
coarse8_raw_current_stats_time_spectrum_ridge,coarse8,raw,ridge,current_stats_time_spectrum,102,39687,9298,0.4070059281875894,0.20832437083243707,0.46234106156715066
coarse8_raw_dc_spectrum_ridge,coarse8,raw,ridge,dc_spectrum,20,39687,9298,0.2633681001731114,0.1308883630888363,0.3047308940517421
coarse8_raw_multisource_time_ridge,coarse8,raw,ridge,multisource_time,123,39687,9298,0.5244591421232152,0.4218111421811142,0.6369555461792354
coarse8_raw_multisource_time_prototype,coarse8,raw,prototype,multisource_time,123,39687,9298,0.7913987196712307,0.7914605291460529,0.8501810806482248
coarse8_raw_multisource_time_spectrum_ridge,coarse8,raw,ridge,multisource_time_spectrum,173,39687,9298,0.5821339546904177,0.4767691976769198,0.6834883221101298
coarse8_raw_multisource_time_spectrum_prototype,coarse8,raw,prototype,multisource_time_spectrum,173,39687,9298,0.8002440972664078,0.799741879974188,0.8570557980239089
coarse8_raw_current_spectrum_hann_ridge,coarse8,raw,ridge,current_spectrum_hann,30,39687,9298,0.37859248681596314,0.42751129275112926,0.4169049897134264
coarse8_raw_current_spectrum_clipped_ridge,coarse8,raw,ridge,current_spectrum_clipped,30,39687,9298,0.44539224106542186,0.14852656485265647,0.4521773318237574
harmonic7_raw_current_stats_ridge,harmonic7,raw,ridge,current_stats,12,1452,366,0.16139425749390252,0.16666666666666666,0.15314624722650091
harmonic7_raw_current_time_shape_ridge,harmonic7,raw,ridge,current_time_shape,60,1452,366,0.1556300575050867,0.1557377049180328,0.15419676223414286
harmonic7_raw_current_time_shape_prototype,harmonic7,raw,prototype,current_time_shape,60,1452,366,0.19146196528355794,0.1912568306010929,0.19704200189999602
harmonic7_raw_current_spectrum_ridge,harmonic7,raw,ridge,current_spectrum,30,1452,366,0.1943908657859558,0.2103825136612022,0.1990104867468455
harmonic7_raw_current_spectrum_prototype,harmonic7,raw,prototype,current_spectrum,30,1452,366,0.19962735641457938,0.20491803278688525,0.21124777011574686
harmonic7_raw_current_stats_time_ridge,harmonic7,raw,ridge,current_stats_time,72,1452,366,0.17007100452457063,0.1721311475409836,0.1631795813249684
harmonic7_raw_current_stats_spectrum_ridge,harmonic7,raw,ridge,current_stats_spectrum,42,1452,366,0.22411621171856408,0.226775956284153,0.22488241897682962
harmonic7_raw_current_stats_time_spectrum_ridge,harmonic7,raw,ridge,current_stats_time_spectrum,102,1452,366,0.1831131241012803,0.18579234972677597,0.17583514737089115
harmonic7_raw_dc_spectrum_ridge,harmonic7,raw,ridge,dc_spectrum,20,1452,366,0.12532831656229448,0.12568306010928962,0.13168846871929088
harmonic7_raw_multisource_time_ridge,harmonic7,raw,ridge,multisource_time,123,1452,366,0.17381115709131872,0.17486338797814208,0.15568099484517064
harmonic7_raw_multisource_time_prototype,harmonic7,raw,prototype,multisource_time,123,1452,366,0.16328857159593294,0.1721311475409836,0.17775925009547464
harmonic7_raw_multisource_time_spectrum_ridge,harmonic7,raw,ridge,multisource_time_spectrum,173,1452,366,0.16602093174930319,0.16939890710382513,0.16603844245114066
harmonic7_raw_multisource_time_spectrum_prototype,harmonic7,raw,prototype,multisource_time_spectrum,173,1452,366,0.17035139128596533,0.17759562841530055,0.1730006594721545
harmonic7_raw_current_spectrum_hann_ridge,harmonic7,raw,ridge,current_spectrum_hann,30,1452,366,0.19698206790821343,0.21311475409836064,0.1934908949827296
harmonic7_raw_current_spectrum_clipped_ridge,harmonic7,raw,ridge,current_spectrum_clipped,30,1452,366,0.15981025360041182,0.15846994535519127,0.1678076619806855
coarse8_noncandidate_current_stats_ridge,coarse8,noncandidate,ridge,current_stats,12,39117,9169,0.28917870013561,0.15650561675209945,0.34048042028850056
coarse8_noncandidate_current_time_shape_ridge,coarse8,noncandidate,ridge,current_time_shape,60,39117,9169,0.307936769770205,0.16457628967171992,0.3584647165578041
coarse8_noncandidate_current_time_shape_prototype,coarse8,noncandidate,prototype,current_time_shape,60,39117,9169,0.7894116835914184,0.8372777838368415,0.8469275289704437
coarse8_noncandidate_current_spectrum_ridge,coarse8,noncandidate,ridge,current_spectrum,30,39117,9169,0.5545678914335043,0.5666921147344313,0.552026711612071
coarse8_noncandidate_current_spectrum_prototype,coarse8,noncandidate,prototype,current_spectrum,30,39117,9169,0.7841466660855324,0.7972516086814265,0.8441134997362966
coarse8_noncandidate_current_stats_time_ridge,coarse8,noncandidate,ridge,current_stats_time,72,39117,9169,0.3950449537744063,0.19009706620133057,0.4487798503595142
coarse8_noncandidate_current_stats_spectrum_ridge,coarse8,noncandidate,ridge,current_stats_spectrum,42,39117,9169,0.37634991367316706,0.20296651761369833,0.4285776463758874
coarse8_noncandidate_current_stats_time_spectrum_ridge,coarse8,noncandidate,ridge,current_stats_time_spectrum,102,39117,9169,0.42007917661188704,0.2046024648271349,0.4732029434482412
coarse8_noncandidate_dc_spectrum_ridge,coarse8,noncandidate,ridge,dc_spectrum,20,39117,9169,0.29328528116283503,0.14178209183117024,0.34193369917283034
coarse8_noncandidate_multisource_time_ridge,coarse8,noncandidate,ridge,multisource_time,123,39117,9169,0.5400310343617816,0.42065656014832586,0.6495766014156648
coarse8_noncandidate_multisource_time_prototype,coarse8,noncandidate,prototype,multisource_time,123,39117,9169,0.8007056034031391,0.7939797142545534,0.8576099626626805
coarse8_noncandidate_multisource_time_spectrum_ridge,coarse8,noncandidate,ridge,multisource_time_spectrum,173,39117,9169,0.6158257536903669,0.5142327407568983,0.7077540692134252
coarse8_noncandidate_multisource_time_spectrum_prototype,coarse8,noncandidate,prototype,multisource_time_spectrum,173,39117,9169,0.8027846994950933,0.7979059875668012,0.8593738354921664
coarse8_noncandidate_current_spectrum_hann_ridge,coarse8,noncandidate,ridge,current_spectrum_hann,30,39117,9169,0.4374113425643388,0.43494383247900537,0.4806614090467957
coarse8_noncandidate_current_spectrum_clipped_ridge,coarse8,noncandidate,ridge,current_spectrum_clipped,30,39117,9169,0.5340967355376967,0.4951466899334715,0.5346682872941835
harmonic7_noncandidate_current_stats_ridge,harmonic7,noncandidate,ridge,current_stats,12,942,251,0.12213876934935652,0.13147410358565736,0.1225064040237641
harmonic7_noncandidate_current_time_shape_ridge,harmonic7,noncandidate,ridge,current_time_shape,60,942,251,0.15986476210356806,0.1593625498007968,0.17399005569479706
harmonic7_noncandidate_current_time_shape_prototype,harmonic7,noncandidate,prototype,current_time_shape,60,942,251,0.15628255683830097,0.1593625498007968,0.14157859864214895
harmonic7_noncandidate_current_spectrum_ridge,harmonic7,noncandidate,ridge,current_spectrum,30,942,251,0.17552346693223808,0.18326693227091634,0.18992805837904064
harmonic7_noncandidate_current_spectrum_prototype,harmonic7,noncandidate,prototype,current_spectrum,30,942,251,0.16012359749678642,0.16334661354581673,0.16638328123789076
harmonic7_noncandidate_current_stats_time_ridge,harmonic7,noncandidate,ridge,current_stats_time,72,942,251,0.1742244545503253,0.1752988047808765,0.2011772249771577
harmonic7_noncandidate_current_stats_spectrum_ridge,harmonic7,noncandidate,ridge,current_stats_spectrum,42,942,251,0.16877414538731278,0.16733067729083664,0.18852308586832672
harmonic7_noncandidate_current_stats_time_spectrum_ridge,harmonic7,noncandidate,ridge,current_stats_time_spectrum,102,942,251,0.16653990597009877,0.16733067729083664,0.17918470816112128
harmonic7_noncandidate_dc_spectrum_ridge,harmonic7,noncandidate,ridge,dc_spectrum,20,942,251,0.11549216354518495,0.11553784860557768,0.11402761330146163
harmonic7_noncandidate_multisource_time_ridge,harmonic7,noncandidate,ridge,multisource_time,123,942,251,0.20294717206509602,0.20318725099601595,0.20115673812994322
harmonic7_noncandidate_multisource_time_prototype,harmonic7,noncandidate,prototype,multisource_time,123,942,251,0.13650554235801562,0.1394422310756972,0.12263719516450002
harmonic7_noncandidate_multisource_time_spectrum_ridge,harmonic7,noncandidate,ridge,multisource_time_spectrum,173,942,251,0.1520652149879689,0.15139442231075698,0.14561303012250731
harmonic7_noncandidate_multisource_time_spectrum_prototype,harmonic7,noncandidate,prototype,multisource_time_spectrum,173,942,251,0.16651790735188737,0.17131474103585656,0.17673684712162438
harmonic7_noncandidate_current_spectrum_hann_ridge,harmonic7,noncandidate,ridge,current_spectrum_hann,30,942,251,0.21336216255915716,0.21115537848605578,0.20079246420716707
harmonic7_noncandidate_current_spectrum_clipped_ridge,harmonic7,noncandidate,ridge,current_spectrum_clipped,30,942,251,0.17624909568339953,0.1752988047808765,0.19554422220807546
coarse8_early_late_current_stats_ridge,coarse8,early_late,ridge,current_stats,12,24438,3708,0.30578807572804234,0.17880258899676377,0.35424208664528867
coarse8_early_late_current_time_shape_ridge,coarse8,early_late,ridge,current_time_shape,60,24438,3708,0.3288042533135799,0.18608414239482202,0.36901407278845466
coarse8_early_late_current_time_shape_prototype,coarse8,early_late,prototype,current_time_shape,60,24438,3708,0.7643656181935676,0.8206580366774542,0.8178921419172099
coarse8_early_late_current_spectrum_ridge,coarse8,early_late,ridge,current_spectrum,30,24438,3708,0.5441257220785769,0.6121898597626753,0.5380635033496558
coarse8_early_late_current_spectrum_prototype,coarse8,early_late,prototype,current_spectrum,30,24438,3708,0.7671354371657415,0.7785868392664509,0.8281405040442873
coarse8_early_late_current_stats_time_ridge,coarse8,early_late,ridge,current_stats_time,72,24438,3708,0.41837817158134594,0.20792880258899676,0.4693299646892728
coarse8_early_late_current_stats_spectrum_ridge,coarse8,early_late,ridge,current_stats_spectrum,42,24438,3708,0.393242608696262,0.21413160733549083,0.45093548444695297
coarse8_early_late_current_stats_time_spectrum_ridge,coarse8,early_late,ridge,current_stats_time_spectrum,102,24438,3708,0.42037642584902757,0.21655879180151025,0.46925822732863265
coarse8_early_late_dc_spectrum_ridge,coarse8,early_late,ridge,dc_spectrum,20,24438,3708,0.2802242774418403,0.14670981661272922,0.32555944193198866
coarse8_early_late_multisource_time_ridge,coarse8,early_late,ridge,multisource_time,123,24438,3708,0.5540711204794195,0.41639697950377563,0.6583189659782362
coarse8_early_late_multisource_time_prototype,coarse8,early_late,prototype,multisource_time,123,24438,3708,0.7864835590212815,0.7988133764832794,0.8441762449990866
coarse8_early_late_multisource_time_spectrum_ridge,coarse8,early_late,ridge,multisource_time_spectrum,173,24438,3708,0.6066308558458781,0.5043149946062567,0.703463354439368
coarse8_early_late_multisource_time_spectrum_prototype,coarse8,early_late,prototype,multisource_time_spectrum,173,24438,3708,0.7852170244416297,0.7980043149946062,0.8439149969187822
coarse8_early_late_current_spectrum_hann_ridge,coarse8,early_late,ridge,current_spectrum_hann,30,24438,3708,0.4516236201285705,0.43797195253505933,0.507448649290177
coarse8_early_late_current_spectrum_clipped_ridge,coarse8,early_late,ridge,current_spectrum_clipped,30,24438,3708,0.4632822566766168,0.48651564185544766,0.4591647771170455
harmonic7_early_late_current_stats_ridge,harmonic7,early_late,ridge,current_stats,12,599,82,0.11937074829931972,0.15853658536585366,0.14358009081266326
harmonic7_early_late_current_time_shape_ridge,harmonic7,early_late,ridge,current_time_shape,60,599,82,0.18604269293924466,0.18292682926829268,0.23205992941804396
harmonic7_early_late_current_time_shape_prototype,harmonic7,early_late,prototype,current_time_shape,60,599,82,0.18302573203194322,0.18292682926829268,0.1931273538345592
harmonic7_early_late_current_spectrum_ridge,harmonic7,early_late,ridge,current_spectrum,30,599,82,0.15831618025573677,0.15853658536585366,0.17543897898651223
harmonic7_early_late_current_spectrum_prototype,harmonic7,early_late,prototype,current_spectrum,30,599,82,0.23746569165823825,0.24390243902439024,0.25866267228341544
harmonic7_early_late_current_stats_time_ridge,harmonic7,early_late,ridge,current_stats_time,72,599,82,0.18832896220546935,0.18292682926829268,0.19564369444995688
harmonic7_early_late_current_stats_spectrum_ridge,harmonic7,early_late,ridge,current_stats_spectrum,42,599,82,0.16066696461433305,0.15853658536585366,0.19469319848958783
harmonic7_early_late_current_stats_time_spectrum_ridge,harmonic7,early_late,ridge,current_stats_time_spectrum,102,599,82,0.14236858379715522,0.14634146341463414,0.14265191486766876
harmonic7_early_late_dc_spectrum_ridge,harmonic7,early_late,ridge,dc_spectrum,20,599,82,0.1394331469961722,0.14634146341463414,0.12729153857830983
harmonic7_early_late_multisource_time_ridge,harmonic7,early_late,ridge,multisource_time,123,599,82,0.1332147421065368,0.12195121951219512,0.1707369645840869
harmonic7_early_late_multisource_time_prototype,harmonic7,early_late,prototype,multisource_time,123,599,82,0.21643537831383755,0.2073170731707317,0.2118496647166897
harmonic7_early_late_multisource_time_spectrum_ridge,harmonic7,early_late,ridge,multisource_time_spectrum,173,599,82,0.11067112711849554,0.12195121951219512,0.13840846567553555
harmonic7_early_late_multisource_time_spectrum_prototype,harmonic7,early_late,prototype,multisource_time_spectrum,173,599,82,0.16374398729743614,0.15853658536585366,0.1442901813986899
harmonic7_early_late_current_spectrum_hann_ridge,harmonic7,early_late,ridge,current_spectrum_hann,30,599,82,0.22872469145761073,0.23170731707317074,0.22831204583813164
harmonic7_early_late_current_spectrum_clipped_ridge,harmonic7,early_late,ridge,current_spectrum_clipped,30,599,82,0.1884402852049911,0.18292682926829268,0.18753278670156387
