view,representation,method,seeds,coarse,name,fine_labels,oracle_coarse_label,macro_f1_mean,macro_f1_sample_std
raw,mean,ridge,3,1,交流短路,1/2/3/4/5/6/7/8/9/10/11,True,0.9042167363288053,0.033908770708087184
raw,mean,ridge,3,3,相断开,13/14/15/16/17/18/19,True,0.3234623040459221,0.014630449157724172
raw,mean,ridge,3,4,电网电气异常,20/21/22/23/24/25/26/27/28/29/30/31,True,0.6428291230876217,0.009722905442494769
raw,mean,ridge,3,5,谐波,32/33/34/35/36/37/38,True,0.16550713535950023,0.022865692951845925
raw,mean,ridge,3,6,直流侧故障,39/40/41/42/43/44/45,True,0.6367055957110571,0.08654602571127572
raw,mean,ridge,3,7,IGBT闭锁,46/47,True,0.9080031924496733,0.005938847221968078
raw,mean,prototype,3,1,交流短路,1/2/3/4/5/6/7/8/9/10/11,True,0.9818510603320729,0.0
raw,mean,prototype,3,3,相断开,13/14/15/16/17/18/19,True,0.4816060031276277,0.008108951323603293
raw,mean,prototype,3,4,电网电气异常,20/21/22/23/24/25/26/27/28/29/30/31,True,0.8084640406788131,0.026112605288895717
raw,mean,prototype,3,5,谐波,32/33/34/35/36/37/38,True,0.14709361804999166,0.005054405731517607
raw,mean,prototype,3,6,直流侧故障,39/40/41/42/43/44/45,True,0.8191379211322015,0.007405108151038725
raw,mean,prototype,3,7,IGBT闭锁,46/47,True,1.0,0.0
raw,concat,ridge,3,1,交流短路,1/2/3/4/5/6/7/8/9/10/11,True,0.9322943722943723,0.0
raw,concat,ridge,3,3,相断开,13/14/15/16/17/18/19,True,0.42208424765895164,0.0290871882595242
raw,concat,ridge,3,4,电网电气异常,20/21/22/23/24/25/26/27/28/29/30/31,True,0.7112569437345995,0.011189686602181616
raw,concat,ridge,3,5,谐波,32/33/34/35/36/37/38,True,0.1611932393214319,0.010047694887241145
raw,concat,ridge,3,6,直流侧故障,39/40/41/42/43/44/45,True,0.7229975246850048,0.06587770650888114
raw,concat,ridge,3,7,IGBT闭锁,46/47,True,0.9080031924496733,0.005938847221968078
raw,concat,prototype,3,1,交流短路,1/2/3/4/5/6/7/8/9/10/11,True,0.965434268785074,0.004110413279009383
raw,concat,prototype,3,3,相断开,13/14/15/16/17/18/19,True,0.5040197508419403,0.009482406419719853
raw,concat,prototype,3,4,电网电气异常,20/21/22/23/24/25/26/27/28/29/30/31,True,0.8421640682623316,0.026485343496539374
raw,concat,prototype,3,5,谐波,32/33/34/35/36/37/38,True,0.14866964997691776,0.01195627417800149
raw,concat,prototype,3,6,直流侧故障,39/40/41/42/43/44/45,True,0.8376819378963433,0.020309707577206456
raw,concat,prototype,3,7,IGBT闭锁,46/47,True,1.0,0.0
noncandidate,mean,ridge,3,1,交流短路,1/2/3/4/5/6/7/8/9/10/11,True,0.9247069892406232,0.014780104067940452
noncandidate,mean,ridge,3,3,相断开,13/14/15/16/17/18/19,True,0.32466498487576634,0.02325594058857299
noncandidate,mean,ridge,3,4,电网电气异常,20/21/22/23/24/25/26/27/28/29/30/31,True,0.6501164803829395,0.01695355577814018
noncandidate,mean,ridge,3,5,谐波,32/33/34/35/36/37/38,True,0.14921385123814104,0.01759925418998393
noncandidate,mean,ridge,3,6,直流侧故障,39/40/41/42/43/44/45,True,0.6342716448583474,0.06251286838328836
noncandidate,mean,ridge,3,7,IGBT闭锁,46/47,True,0.9080031924496733,0.005938847221968078
noncandidate,mean,prototype,3,1,交流短路,1/2/3/4/5/6/7/8/9/10/11,True,0.9805492345959075,0.0022548283176392994
noncandidate,mean,prototype,3,3,相断开,13/14/15/16/17/18/19,True,0.48377613730717767,0.010711958289835085
noncandidate,mean,prototype,3,4,电网电气异常,20/21/22/23/24/25/26/27/28/29/30/31,True,0.8043095739693018,0.025901600128405273
noncandidate,mean,prototype,3,5,谐波,32/33/34/35/36/37/38,True,0.12925613272271078,0.015034226737585282
noncandidate,mean,prototype,3,6,直流侧故障,39/40/41/42/43/44/45,True,0.824937699724933,0.018225706981137804
noncandidate,mean,prototype,3,7,IGBT闭锁,46/47,True,1.0,0.0
noncandidate,concat,ridge,3,1,交流短路,1/2/3/4/5/6/7/8/9/10/11,True,0.9322943722943723,0.0
noncandidate,concat,ridge,3,3,相断开,13/14/15/16/17/18/19,True,0.46726502655863494,0.03784536446145844
noncandidate,concat,ridge,3,4,电网电气异常,20/21/22/23/24/25/26/27/28/29/30/31,True,0.7376016921546488,0.021150243299858953
noncandidate,concat,ridge,3,5,谐波,32/33/34/35/36/37/38,True,0.17253224076790816,0.004139862129560086
noncandidate,concat,ridge,3,6,直流侧故障,39/40/41/42/43/44/45,True,0.7197732254635051,0.04714594902451215
noncandidate,concat,ridge,3,7,IGBT闭锁,46/47,True,0.8711841836279163,0.06971124118557798
noncandidate,concat,prototype,3,1,交流短路,1/2/3/4/5/6/7/8/9/10/11,True,0.9666681158790199,0.002309300672381394
noncandidate,concat,prototype,3,3,相断开,13/14/15/16/17/18/19,True,0.5012091050800999,0.020276128989715918
noncandidate,concat,prototype,3,4,电网电气异常,20/21/22/23/24/25/26/27/28/29/30/31,True,0.8527690428419844,0.016477649020001834
noncandidate,concat,prototype,3,5,谐波,32/33/34/35/36/37/38,True,0.12291258413668814,0.014104391711630566
noncandidate,concat,prototype,3,6,直流侧故障,39/40/41/42/43/44/45,True,0.8433185156914654,0.029104061812286315
noncandidate,concat,prototype,3,7,IGBT闭锁,46/47,True,1.0,0.0
early_late,mean,ridge,3,1,交流短路,1/2/3/4/5/6/7/8/9/10/11,True,0.9089742093593185,0.0
early_late,mean,ridge,3,3,相断开,13/14/15/16/17/18/19,True,0.298364962738852,0.030173926909566228
early_late,mean,ridge,3,4,电网电气异常,20/21/22/23/24/25/26/27/28/29/30/31,True,0.6398798827410204,0.03083534158484025
early_late,mean,ridge,3,5,谐波,32/33/34/35/36/37/38,True,0.17669949098520524,0.03246000349829438
early_late,mean,ridge,3,6,直流侧故障,39/40/41/42/43/44/45,True,0.5734807061411872,0.08528487870277728
early_late,mean,ridge,3,7,IGBT闭锁,46/47,True,0.48134092346616075,0.24704456489992524
early_late,mean,prototype,3,1,交流短路,1/2/3/4/5/6/7/8/9/10/11,True,0.9445813799880786,0.008510552032421688
early_late,mean,prototype,3,3,相断开,13/14/15/16/17/18/19,True,0.4170668313063513,0.009070242761670289
early_late,mean,prototype,3,4,电网电气异常,20/21/22/23/24/25/26/27/28/29/30/31,True,0.8068405484845173,0.024268470524999197
early_late,mean,prototype,3,5,谐波,32/33/34/35/36/37/38,True,0.16204978103731152,0.044308805527265196
early_late,mean,prototype,3,6,直流侧故障,39/40/41/42/43/44/45,True,0.61746400211838,0.025777171110668805
early_late,mean,prototype,3,7,IGBT闭锁,46/47,True,1.0,0.0
early_late,concat,ridge,3,1,交流短路,1/2/3/4/5/6/7/8/9/10/11,True,0.9089742093593185,0.0
early_late,concat,ridge,3,3,相断开,13/14/15/16/17/18/19,True,0.3888645807662143,0.026160601823013364
early_late,concat,ridge,3,4,电网电气异常,20/21/22/23/24/25/26/27/28/29/30/31,True,0.693846603534502,0.01817372555096381
early_late,concat,ridge,3,5,谐波,32/33/34/35/36/37/38,True,0.20846157811547575,0.0138275688100655
early_late,concat,ridge,3,6,直流侧故障,39/40/41/42/43/44/45,True,0.5979827962307747,0.016788996423862584
early_late,concat,ridge,3,7,IGBT闭锁,46/47,True,0.6239721695129665,0.24704456489992524
early_late,concat,prototype,3,1,交流短路,1/2/3/4/5/6/7/8/9/10/11,True,0.924301630147272,0.004497340897948259
early_late,concat,prototype,3,3,相断开,13/14/15/16/17/18/19,True,0.44159055549054793,0.012323926086200148
early_late,concat,prototype,3,4,电网电气异常,20/21/22/23/24/25/26/27/28/29/30/31,True,0.8428942151633737,0.025595613056489268
early_late,concat,prototype,3,5,谐波,32/33/34/35/36/37/38,True,0.16281567179082704,0.005761561546289419
early_late,concat,prototype,3,6,直流侧故障,39/40/41/42/43/44/45,True,0.6257238021912993,0.041257910570134025
early_late,concat,prototype,3,7,IGBT闭锁,46/47,True,1.0,0.0
raw,raw103,ridge,1,1,交流短路,1/2/3/4/5/6/7/8/9/10/11,True,0.5637350600769218,
raw,raw103,ridge,1,3,相断开,13/14/15/16/17/18/19,True,0.36617817371570227,
raw,raw103,ridge,1,4,电网电气异常,20/21/22/23/24/25/26/27/28/29/30/31,True,0.6596954570457861,
raw,raw103,ridge,1,5,谐波,32/33/34/35/36/37/38,True,0.16658122947781853,
raw,raw103,ridge,1,6,直流侧故障,39/40/41/42/43/44/45,True,0.2721749240520571,
raw,raw103,ridge,1,7,IGBT闭锁,46/47,True,0.7906885758998434,
raw,raw103,prototype,1,1,交流短路,1/2/3/4/5/6/7/8/9/10/11,True,0.9485192837465565,
raw,raw103,prototype,1,3,相断开,13/14/15/16/17/18/19,True,0.5786132839202459,
raw,raw103,prototype,1,4,电网电气异常,20/21/22/23/24/25/26/27/28/29/30/31,True,0.9621162221753528,
raw,raw103,prototype,1,5,谐波,32/33/34/35/36/37/38,True,0.1653163707041258,
raw,raw103,prototype,1,6,直流侧故障,39/40/41/42/43/44/45,True,0.916115600153936,
raw,raw103,prototype,1,7,IGBT闭锁,46/47,True,1.0,
noncandidate,raw103,ridge,1,1,交流短路,1/2/3/4/5/6/7/8/9/10/11,True,0.6366391145477965,
noncandidate,raw103,ridge,1,3,相断开,13/14/15/16/17/18/19,True,0.3214861028774637,
noncandidate,raw103,ridge,1,4,电网电气异常,20/21/22/23/24/25/26/27/28/29/30/31,True,0.6828642934377275,
noncandidate,raw103,ridge,1,5,谐波,32/33/34/35/36/37/38,True,0.1526766844741859,
noncandidate,raw103,ridge,1,6,直流侧故障,39/40/41/42/43/44/45,True,0.3850272241495523,
noncandidate,raw103,ridge,1,7,IGBT闭锁,46/47,True,0.9613997113997114,
noncandidate,raw103,prototype,1,1,交流短路,1/2/3/4/5/6/7/8/9/10/11,True,0.9485192837465565,
noncandidate,raw103,prototype,1,3,相断开,13/14/15/16/17/18/19,True,0.5954782425981752,
noncandidate,raw103,prototype,1,4,电网电气异常,20/21/22/23/24/25/26/27/28/29/30/31,True,0.9686401999707422,
noncandidate,raw103,prototype,1,5,谐波,32/33/34/35/36/37/38,True,0.15815705335829172,
noncandidate,raw103,prototype,1,6,直流侧故障,39/40/41/42/43/44/45,True,0.919063004991277,
noncandidate,raw103,prototype,1,7,IGBT闭锁,46/47,True,1.0,
early_late,raw103,ridge,1,1,交流短路,1/2/3/4/5/6/7/8/9/10/11,True,0.5951386439200467,
early_late,raw103,ridge,1,3,相断开,13/14/15/16/17/18/19,True,0.3638583292554558,
early_late,raw103,ridge,1,4,电网电气异常,20/21/22/23/24/25/26/27/28/29/30/31,True,0.672013481894493,
early_late,raw103,ridge,1,5,谐波,32/33/34/35/36/37/38,True,0.16613965744400527,
early_late,raw103,ridge,1,6,直流侧故障,39/40/41/42/43/44/45,True,0.29589388257353805,
early_late,raw103,ridge,1,7,IGBT闭锁,46/47,True,0.8753799392097266,
early_late,raw103,prototype,1,1,交流短路,1/2/3/4/5/6/7/8/9/10/11,True,0.9347542409743366,
early_late,raw103,prototype,1,3,相断开,13/14/15/16/17/18/19,True,0.49873155751520926,
early_late,raw103,prototype,1,4,电网电气异常,20/21/22/23/24/25/26/27/28/29/30/31,True,0.9089407759532552,
early_late,raw103,prototype,1,5,谐波,32/33/34/35/36/37/38,True,0.16496665332799787,
early_late,raw103,prototype,1,6,直流侧故障,39/40/41/42/43/44/45,True,0.5963329110005597,
early_late,raw103,prototype,1,7,IGBT闭锁,46/47,True,1.0,
